{
    "type": "FeatureCollection",
    "features": [
        {
            "type": "Feature",
            "geometry": {
                "type": "Point",
                "coordinates": [
                    61.918905,
                    56.414897
                ]
            },
            "properties": {
                "news_id": "2081954205",
                "title": "На Урале завершили расследование дела о похищении девушек на автомойке",
                "date": "2026-03-20T14:41:00",
                "text_preview": "Следователи завершили расследование уголовного дела о похищении девушек и истязании двух из них на автомойке в Каменске-Уральском Свердловской области, перед судом предстанут трое фигурантов, сообщил ...",
                "tags": [
                    "Происшествия",
                    "Каменск-Уральский",
                    "Свердловская область",
                    "Россия",
                    "Валерий Горелых",
                    "Следственный комитет России (СК РФ)"
                ],
                "sentiment": "negative",
                "confidence": 0.725,
                "place_name": "Каменск-Уральский",
                "place_type": "город",
                "region": "Свердловская область",
                "rang": 3,
                "url": "https://ria.ru/20260320/ural-2081954205.html"
            }
        },
        {
            "type": "Feature",
            "geometry": {
                "type": "Point",
                "coordinates": [
                    60.569519,
                    56.963739
                ]
            },
            "properties": {
                "news_id": "2081959254",
                "title": "Суд на Урале отправил в коррекционную колонию подростка за попытку убийства",
                "date": "2026-03-20T14:49:00",
                "text_preview": "Городской суд Верхней Пышмы Свердловской области приговорил к 4 годам и 10 месяцам воспитательной колонии 16-летнего подростка, пытавшегося осенью 2024 года убить 13-летнюю знакомую, сообщают пресс-сл...",
                "tags": [
                    "Происшествия",
                    "Урал",
                    "Верхняя Пышма",
                    "Свердловская область",
                    "Валерий Горелых"
                ],
                "sentiment": "negative",
                "confidence": 0.693,
                "place_name": "Верхняя Пышма",
                "place_type": "город",
                "region": "Свердловская область",
                "rang": 3,
                "url": "https://ria.ru/20260320/sud-2081959254.html"
            }
        },
        {
            "type": "Feature",
            "geometry": {
                "type": "Point",
                "coordinates": [
                    61.94316,
                    57.38881
                ]
            },
            "properties": {
                "news_id": "2081959254",
                "title": "Суд на Урале отправил в коррекционную колонию подростка за попытку убийства",
                "date": "2026-03-20T14:49:00",
                "text_preview": "Городской суд Верхней Пышмы Свердловской области приговорил к 4 годам и 10 месяцам воспитательной колонии 16-летнего подростка, пытавшегося осенью 2024 года убить 13-летнюю знакомую, сообщают пресс-сл...",
                "tags": [
                    "Происшествия",
                    "Урал",
                    "Верхняя Пышма",
                    "Свердловская область",
                    "Валерий Горелых"
                ],
                "sentiment": "negative",
                "confidence": 0.693,
                "place_name": "Мостовское",
                "place_type": "село",
                "region": "Свердловская область",
                "rang": 3,
                "url": "https://ria.ru/20260320/sud-2081959254.html"
            }
        },
        {
            "type": "Feature",
            "geometry": {
                "type": "Point",
                "coordinates": [
                    61.53333,
                    58.58333
                ]
            },
            "properties": {
                "news_id": "2082000471",
                "title": "На Урале ищут семилетнюю девочку, которую не вернул отец",
                "date": "2026-03-20T16:31:00",
                "text_preview": "Семилетнюю девочку, которую матери не вернул после общения отец, скрывшись с ребенком, ищут в Свердловской области, сообщила пресс-служба главного управления федеральной службы судебных приставов (ФСС...",
                "tags": [
                    "Происшествия",
                    "Свердловская область",
                    "Федеральная служба судебных приставов (ФССП России)"
                ],
                "sentiment": "negative",
                "confidence": 0.799,
                "place_name": "Свердловская область",
                "place_type": "region",
                "region": "Свердловская область",
                "rang": 1,
                "url": "https://ria.ru/20260320/ural-2082000471.html"
            }
        },
        {
            "type": "Feature",
            "geometry": {
                "type": "Point",
                "coordinates": [
                    67.951958,
                    56.66934
                ]
            },
            "properties": {
                "news_id": "2082539761",
                "title": "Названы лучшие регионы по медиаактивности вузов в 2025 году",
                "date": "2026-03-24T09:15:00",
                "text_preview": "Москва, Санкт-Петербург и Пермский край стали лидерами рейтинга регионов по медиаактивности университетов за 2025 год, отмечается в исследовании, подготовленном проектом \"Социальный навигатор\" междуна...",
                "tags": [
                    "Россия",
                    "Москва",
                    "Санкт-Петербург",
                    "Brand Analytics",
                    "Социальный навигатор",
                    "Наталья Тюрина",
                    "Общество",
                    "Образование - Общество",
                    "СН_Образование",
                    "Пермь",
                    "Пермский край",
                    "Свердловская область",
                    "Новосибирская область",
                    "Республика Татарстан (Татарстан)",
                    "Томская область",
                    "Нижегородская область",
                    "Саратовская область",
                    "Ростовская область",
                    "Пензенская область",
                    "Ярославская область",
                    "Архангельская область",
                    "Алтайский край",
                    "Республика Северная Осетия - Алания"
                ],
                "sentiment": "neutral",
                "confidence": 0.79,
                "place_name": "Томская",
                "place_type": "деревня",
                "region": "Тюменская область",
                "rang": 3,
                "url": "https://ria.ru/20260324/reyting--2082539761.html"
            }
        },
        {
            "type": "Feature",
            "geometry": {
                "type": "Point",
                "coordinates": [
                    61.53333,
                    58.58333
                ]
            },
            "properties": {
                "news_id": "2082551169",
                "title": "На Урале ФСБ выявила в Telegram десять потенциальных диверсантов",
                "date": "2026-03-24T09:25:00",
                "text_preview": "Управление ФСБ РФ по Свердловской области нашло в Telegram десять потенциальных террористов за три часа в ходе социального эксперимента, сообщила официальный представитель ведомства Елена Докучаева в ...",
                "tags": [
                    "Россия",
                    "Свердловская область",
                    "Федеральная служба безопасности РФ (ФСБ России)",
                    "Telegram"
                ],
                "sentiment": "neutral",
                "confidence": 0.719,
                "place_name": "Свердловская область",
                "place_type": "region",
                "region": "Свердловская область",
                "rang": 1,
                "url": "https://ria.ru/20260324/fsb-2082551169.html"
            }
        },
        {
            "type": "Feature",
            "geometry": {
                "type": "Point",
                "coordinates": [
                    66.610015,
                    56.877897
                ]
            },
            "properties": {
                "news_id": "2082572646",
                "title": "В Свердловской области поезд насмерть сбил мужчину",
                "date": "2026-03-24T10:42:00",
                "text_preview": "Поезд на перегоне Ревда - Решеты Свердловской железной дороги сбил местного жителя, когда тот переходил пути, ведется проверка, сообщает пресс-служба центрального МСУТ СК России. \"Предварительно, ночь...",
                "tags": [
                    "Происшествия",
                    "Ревда",
                    "Россия",
                    "Свердловская железная дорога",
                    "Следственный комитет России (СК РФ)"
                ],
                "sentiment": "neutral",
                "confidence": 0.83,
                "place_name": "Ревда",
                "place_type": "село",
                "region": "Тюменская область",
                "rang": 3,
                "url": "https://ria.ru/20260324/poezd-2082572646.html"
            }
        },
        {
            "type": "Feature",
            "geometry": {
                "type": "Point",
                "coordinates": [
                    60.228913,
                    56.838277
                ]
            },
            "properties": {
                "news_id": "2082572646",
                "title": "В Свердловской области поезд насмерть сбил мужчину",
                "date": "2026-03-24T10:42:00",
                "text_preview": "Поезд на перегоне Ревда - Решеты Свердловской железной дороги сбил местного жителя, когда тот переходил пути, ведется проверка, сообщает пресс-служба центрального МСУТ СК России. \"Предварительно, ночь...",
                "tags": [
                    "Происшествия",
                    "Ревда",
                    "Россия",
                    "Свердловская железная дорога",
                    "Следственный комитет России (СК РФ)"
                ],
                "sentiment": "neutral",
                "confidence": 0.83,
                "place_name": "Решеты",
                "place_type": "поселок",
                "region": "Свердловская область",
                "rang": 3,
                "url": "https://ria.ru/20260324/poezd-2082572646.html"
            }
        },
        {
            "type": "Feature",
            "geometry": {
                "type": "Point",
                "coordinates": [
                    61.53333,
                    58.58333
                ]
            },
            "properties": {
                "news_id": "2082655657",
                "title": "Бабушкина: работа с федцентром дает качественные изменения в законы региона",
                "date": "2026-03-24T15:48:00",
                "text_preview": "Свердловская область вносит качественные изменения в законодательство благодаря взаимодействию с Государственной думой Федерального собрания Российской Федерации, сообщила председатель Законодательног...",
                "tags": [
                    "Свердловская область",
                    "Свердловская область",
                    "Людмила Бабушкина",
                    "Павел Крашенинников",
                    "Тюменская область"
                ],
                "sentiment": "neutral",
                "confidence": 0.78,
                "place_name": "Свердловская область",
                "place_type": "region",
                "region": "Свердловская область",
                "rang": 1,
                "url": "https://ria.ru/20260324/babushkina-2082655657.html"
            }
        },
        {
            "type": "Feature",
            "geometry": {
                "type": "Point",
                "coordinates": [
                    61.53333,
                    58.58333
                ]
            },
            "properties": {
                "news_id": "2082664957",
                "title": "МГУ сохранил лидерство в рейтинге медиаактивности российских вузов",
                "date": "2026-03-24T16:50:00",
                "text_preview": "Лидерами рейтинга российских вузов по медиаактивности за 2025 год стали Московский государственный университет имени М.В. Ломоносова, Пермский Политех и Московский авиационный институт. Из первой трой...",
                "tags": [
                    "Общество",
                    "Москва",
                    "Россия",
                    "Свердловская область",
                    "Наталья Тюрина",
                    "Brand Analytics",
                    "Высшая школа экономики (ВШЭ)",
                    "Московский авиационный институт",
                    "Социальный навигатор",
                    "СН_Образование",
                    "РЭУ имени Г. В. Плеханова",
                    "МГУ имени М. В. Ломоносова"
                ],
                "sentiment": "neutral",
                "confidence": 0.795,
                "place_name": "Свердловская область",
                "place_type": "region",
                "region": "Свердловская область",
                "rang": 1,
                "url": "https://ria.ru/20260324/reyting-2082664957.html"
            }
        },
        {
            "type": "Feature",
            "geometry": {
                "type": "Point",
                "coordinates": [
                    61.53333,
                    58.58333
                ]
            },
            "properties": {
                "news_id": "2082676998",
                "title": "Свердловские депутаты приняли три закона социальной сферы",
                "date": "2026-03-24T17:15:00",
                "text_preview": "Депутаты Законодательного Собрания Свердловской области во главе с председателем Людмилой Бабушкиной на заседании во вторник приняли девять областных законов, три из которых носит социальную направлен...",
                "tags": [
                    "Свердловская область",
                    "Свердловская область",
                    "Людмила Бабушкина"
                ],
                "sentiment": "neutral",
                "confidence": 0.859,
                "place_name": "Свердловская область",
                "place_type": "region",
                "region": "Свердловская область",
                "rang": 1,
                "url": "https://ria.ru/20260324/zakony-2082676998.html"
            }
        },
        {
            "type": "Feature",
            "geometry": {
                "type": "Point",
                "coordinates": [
                    60.3015,
                    56.8688
                ]
            },
            "properties": {
                "news_id": "2082758799",
                "title": "Гидрометцентр назвал регионы России и реки, где вода вышла на пойму",
                "date": "2026-03-25T08:19:00",
                "text_preview": "Уровень воды достигнет неблагоприятной оценки на 15 реках в 12 регионах России, сообщили РИА Новости в Гидрометцентре. По их данным, повышение уровня воды (на 0,4-0,7м за сутки) отмечается на реках Се...",
                "tags": [
                    "Россия",
                    "Свердловская область",
                    "Республика Башкортостан",
                    "Гидрометцентр"
                ],
                "sentiment": "neutral",
                "confidence": 0.839,
                "place_name": "Северка",
                "place_type": "поселок",
                "region": "Свердловская область",
                "rang": 3,
                "url": "https://ria.ru/20260325/reki-2082758799.html"
            }
        },
        {
            "type": "Feature",
            "geometry": {
                "type": "Point",
                "coordinates": [
                    61.53333,
                    58.58333
                ]
            },
            "properties": {
                "news_id": "2083016514",
                "title": "В Свердловской области частные клиники отказались от проведения абортов",
                "date": "2026-03-26T12:03:00",
                "text_preview": "Частные медицинские клиники Свердловской области отказались от проведения абортов, процедура отныне будет проводиться только в государственных медучреждениях, сообщили РИА Новости в минздраве региона....",
                "tags": [
                    "Свердловская область",
                    "Россия",
                    "Федор Лукьянов"
                ],
                "sentiment": "neutral",
                "confidence": 0.834,
                "place_name": "Свердловская область",
                "place_type": "region",
                "region": "Свердловская область",
                "rang": 1,
                "url": "https://ria.ru/20260326/kliniki-2083016514.html"
            }
        },
        {
            "type": "Feature",
            "geometry": {
                "type": "Point",
                "coordinates": [
                    61.53333,
                    58.58333
                ]
            },
            "properties": {
                "news_id": "2083275381",
                "title": "На Урале опекунше, истязавшей пятерых детей, дали срок в колонии",
                "date": "2026-03-27T13:10:00",
                "text_preview": "Верхотурский районный суд приговорил к 8 годам колонии общего режима опекуна Ингу Костюкевич, которая на протяжении восьми лет избивала, ставила коленями на горох, оставляла без еды, укладывала спать ...",
                "tags": [
                    "Происшествия",
                    "Россия",
                    "Свердловская область",
                    "Урал"
                ],
                "sentiment": "negative",
                "confidence": 0.769,
                "place_name": "Свердловская область",
                "place_type": "region",
                "region": "Свердловская область",
                "rang": 1,
                "url": "https://ria.ru/20260327/opekun-2083275381.html"
            }
        },
        {
            "type": "Feature",
            "geometry": {
                "type": "Point",
                "coordinates": [
                    60.592108,
                    56.839824
                ]
            },
            "properties": {
                "news_id": "2083681598",
                "title": "На Урале экс-налоговик получил восемь лет за взятки",
                "date": "2026-03-30T09:22:00",
                "text_preview": "Железнодорожный районный суд Екатеринбурга приговорил бывшего налогового инспектора Руслана Шаехова к 8 годам строгого режима и штрафу в 3 миллиона рублей за взятки от хозяев торговых точек в 325 тыся...",
                "tags": [
                    "Происшествия",
                    "Екатеринбург",
                    "Россия",
                    "Свердловская область"
                ],
                "sentiment": "negative",
                "confidence": 0.783,
                "place_name": "Екатеринбург",
                "place_type": "город",
                "region": "Свердловская область",
                "rang": 3,
                "url": "https://ria.ru/20260330/ural-2083681598.html"
            }
        },
        {
            "type": "Feature",
            "geometry": {
                "type": "Point",
                "coordinates": [
                    60.592108,
                    56.839824
                ]
            },
            "properties": {
                "news_id": "2083787694",
                "title": "В Екатеринбурге возбудили дело после избиения женщиной сына",
                "date": "2026-03-30T16:30:00",
                "text_preview": "Уголовное дело об истязании возбуждено в отношении жительницы Екатеринбурга после публикации видео избиения ею малолетнего сына, сообщает пресс-служба СУ СК России по Свердловской области. \"В социальн...",
                "tags": [
                    "Происшествия",
                    "Россия",
                    "Екатеринбург",
                    "Свердловская область",
                    "Валерий Горелых",
                    "Александр Бастрыкин",
                    "Следственный комитет России (СК РФ)"
                ],
                "sentiment": "negative",
                "confidence": 0.652,
                "place_name": "Екатеринбург",
                "place_type": "город",
                "region": "Свердловская область",
                "rang": 3,
                "url": "https://ria.ru/20260330/ekaterinburg-2083787694.html"
            }
        },
        {
            "type": "Feature",
            "geometry": {
                "type": "Point",
                "coordinates": [
                    61.53333,
                    58.58333
                ]
            },
            "properties": {
                "news_id": "2084223893",
                "title": "Названы регионы России с наибольшим числом нераспроданных новостроек",
                "date": "2026-04-01T03:00:00",
                "text_preview": "МОСКВА, 2 апр - РИА Недвижимость. Ростовская область и Краснодарский край лидируют по числу нераспроданных квартир на рынке первичного жилья в России, однако в целом количество лотов в новостройках, к...",
                "tags": [
                    "Новостройки",
                    "Россия",
                    "Москва",
                    "Свердловская область",
                    "Жилье"
                ],
                "sentiment": "neutral",
                "confidence": 0.737,
                "place_name": "Свердловская область",
                "place_type": "region",
                "region": "Свердловская область",
                "rang": 1,
                "url": "https://realty.ria.ru/20260402/zatovarennost-2084223893.html"
            }
        },
        {
            "type": "Feature",
            "geometry": {
                "type": "Point",
                "coordinates": [
                    61.53333,
                    58.58333
                ]
            },
            "properties": {
                "news_id": "2084683827",
                "title": "Криминальный авторитет Махачкалинский не смог обжаловать свой приговор",
                "date": "2026-04-01T06:42:00",
                "text_preview": "Суд оставил в силе приговор Марселя Гасанова, осужденного на 13 лет колонии по делу о занятии высшего положения в преступной иерархии, оскорблении и угрозе применения насилия в отношении сотрудника СИ...",
                "tags": [
                    "Происшествия",
                    "Свердловская область",
                    "Валерий Горелых",
                    "Свердловский областной суд"
                ],
                "sentiment": "neutral",
                "confidence": 0.667,
                "place_name": "Свердловская область",
                "place_type": "region",
                "region": "Свердловская область",
                "rang": 1,
                "url": "https://ria.ru/20260402/prigovor-2084683827.html"
            }
        },
        {
            "type": "Feature",
            "geometry": {
                "type": "Point",
                "coordinates": [
                    61.53333,
                    58.58333
                ]
            },
            "properties": {
                "news_id": "2084718757",
                "title": "ПИК лидирует среди российских девелоперов по вводу жилья",
                "date": "2026-04-01T10:53:00",
                "text_preview": "МОСКВА, 2 апр - РИА Недвижимость. ПИК по результатам первого квартала 2026 года лидирует среди российских девелоперов по вводу жилья, сообщается на портале \"ЕРЗ.РФ\". По его данным, ПИК за три месяца с...",
                "tags": [
                    "Жилье",
                    "Москва",
                    "Россия",
                    "Свердловская область",
                    "ПИК",
                    "Эталон",
                    "ЛСР",
                    "Строительство"
                ],
                "sentiment": "neutral",
                "confidence": 0.77,
                "place_name": "Свердловская область",
                "place_type": "region",
                "region": "Свердловская область",
                "rang": 1,
                "url": "https://realty.ria.ru/20260402/pik-2084718757.html"
            }
        },
        {
            "type": "Feature",
            "geometry": {
                "type": "Point",
                "coordinates": [
                    63.057664,
                    57.683819
                ]
            },
            "properties": {
                "news_id": "2084220863",
                "title": "Свердловский школьник выстрелил в одноклассницу из пневматики",
                "date": "2026-04-01T11:35:00",
                "text_preview": "Школьник в свердловском Ирбите 27 марта выстрелил в одноклассницу из пневматического пистолета, она получила ссадину, возбуждено уголовное дело о халатности, сообщили в среду в пресс-службе СУСК РФ по...",
                "tags": [
                    "Происшествия",
                    "Россия",
                    "Ирбит",
                    "Свердловская область"
                ],
                "sentiment": "negative",
                "confidence": 0.767,
                "place_name": "Ирбит",
                "place_type": "город",
                "region": "Свердловская область",
                "rang": 3,
                "url": "https://ria.ru/20260401/ural-2084220863.html"
            }
        },
        {
            "type": "Feature",
            "geometry": {
                "type": "Point",
                "coordinates": [
                    61.74682,
                    56.4201
                ]
            },
            "properties": {
                "news_id": "2084332613",
                "title": "Роспотребнадзор сообщил о заражении 14 детей кишечной палочкой",
                "date": "2026-04-01T17:42:00",
                "text_preview": "Специалисты свердловского Роспотребнадзора расследуют случаи заболевания острой кишечной инфекцией детей в лагере \"Исетские зори\" в Каменском районе, зарегистрировано 14 заболевших, возбудитель инфекц...",
                "tags": [
                    "Происшествия",
                    "Свердловская область",
                    "Федеральная служба по надзору в сфере защиты прав потребителей и благополучия человека (Роспотребнадзор)"
                ],
                "sentiment": "neutral",
                "confidence": 0.723,
                "place_name": "Каменский район",
                "place_type": "district",
                "region": "Свердловская область",
                "rang": 2,
                "url": "https://ria.ru/20260401/zarazhenie-2084332613.html"
            }
        },
        {
            "type": "Feature",
            "geometry": {
                "type": "Point",
                "coordinates": [
                    61.53333,
                    58.58333
                ]
            },
            "properties": {
                "news_id": "2084859423",
                "title": "На Урале нашли нарушения в лагере, где отравились 14 детей",
                "date": "2026-04-01T19:52:00",
                "text_preview": "Материал о вспышке норовируса в детском лагере \"Исетские зори\" в Свердловской области поступил в суд, в лагере нашли грубые нарушения санитарных норм: в частности, не соблюдались условия хранения и ср...",
                "tags": [
                    "Происшествия",
                    "Свердловская область",
                    "Россия",
                    "Федеральная служба по надзору в сфере защиты прав потребителей и благополучия человека (Роспотребнадзор)",
                    "Следственный комитет России (СК РФ)"
                ],
                "sentiment": "neutral",
                "confidence": 0.646,
                "place_name": "Свердловская область",
                "place_type": "region",
                "region": "Свердловская область",
                "rang": 1,
                "url": "https://ria.ru/20260402/lager-2084859423.html"
            }
        },
        {
            "type": "Feature",
            "geometry": {
                "type": "Point",
                "coordinates": [
                    60.592108,
                    56.839824
                ]
            },
            "properties": {
                "news_id": "2084905250",
                "title": "Суд оставил в силе заочный арест Райхельсона по делу о хищении",
                "date": "2026-04-03T07:55:00",
                "text_preview": "Свердловский областной суд оставил в силе заочный арест объявленного в розыск гражданина США Игоря Райхельсона по делу о хищении 5,1 миллиардов рублей у производителя титана \"ВСМПО-Ависма\", сообщили Р...",
                "tags": [
                    "США",
                    "Россия",
                    "Белоруссия",
                    "ВСМПО-Ависма"
                ],
                "sentiment": "neutral",
                "confidence": 0.729,
                "place_name": "Екатеринбург",
                "place_type": "город",
                "region": "Свердловская область",
                "rang": 3,
                "url": "https://ria.ru/20260403/sud-2084905250.html"
            }
        },
        {
            "type": "Feature",
            "geometry": {
                "type": "Point",
                "coordinates": [
                    61.53333,
                    58.58333
                ]
            },
            "properties": {
                "news_id": "2085268148",
                "title": "На Урале трое детей провалились под лед, один погиб",
                "date": "2026-04-05T09:57:00",
                "text_preview": "Трое детей провалились под лед в акватории Режевского городского пруда в Свердловской области, один из них погиб, сообщила пресс-служба прокуратуры региона. Надзорное ведомство начало проверку после г...",
                "tags": [
                    "Происшествия",
                    "Свердловская область"
                ],
                "sentiment": "neutral",
                "confidence": 0.528,
                "place_name": "Свердловская область",
                "place_type": "region",
                "region": "Свердловская область",
                "rang": 1,
                "url": "https://ria.ru/20260405/led-2085268148.html"
            }
        },
        {
            "type": "Feature",
            "geometry": {
                "type": "Point",
                "coordinates": [
                    61.53333,
                    58.58333
                ]
            },
            "properties": {
                "news_id": "2085268281",
                "title": "На Урале возбудили дело после гибели девочки, провалившейся под лед",
                "date": "2026-04-05T09:58:00",
                "text_preview": "Уголовное дело о халатности возбуждено после гибели провалившейся под лед восьмилетней девочки в акватории Режевского городского пруда Свердловской области, сообщил журналистам старший помощник руково...",
                "tags": [
                    "Происшествия",
                    "Россия",
                    "Урал",
                    "Свердловская область",
                    "Александр Шульга",
                    "Валерий Горелых",
                    "Следственный комитет России (СК РФ)",
                    "МЧС России (Министерство РФ по делам гражданской обороны, чрезвычайным ситуациям и ликвидации последствий стихийных бедствий)"
                ],
                "sentiment": "negative",
                "confidence": 0.764,
                "place_name": "Свердловская область",
                "place_type": "region",
                "region": "Свердловская область",
                "rang": 1,
                "url": "https://ria.ru/20260405/delo-2085268281.html"
            }
        },
        {
            "type": "Feature",
            "geometry": {
                "type": "Point",
                "coordinates": [
                    59.981553,
                    57.911244
                ]
            },
            "properties": {
                "news_id": "2085303256",
                "title": "Волейболистки московского \"Динамо\" выиграли первый матч серии за бронзу ЧР",
                "date": "2026-04-05T16:30:00",
                "text_preview": "Московское \"Динамо\" обыграло \"Уралочку-НТМК\" из Свердловской области в первом матче серии за третье место женского чемпионата России по волейболу. Встреча в Нижнем Тагиле завершилась со счетом 3-2 (19...",
                "tags": [
                    "Волейбол",
                    "Спорт",
                    "Россия",
                    "Нижний Тагил",
                    "Свердловская область",
                    "Суперлига (чемпионат России по волейболу среди женщин)",
                    "Уралочка-НТМК"
                ],
                "sentiment": "neutral",
                "confidence": 0.634,
                "place_name": "Нижний Тагил",
                "place_type": "город",
                "region": "Свердловская область",
                "rang": 3,
                "url": "https://ria.ru/20260405/volejbol-2085303256.html"
            }
        },
        {
            "type": "Feature",
            "geometry": {
                "type": "Point",
                "coordinates": [
                    60.592108,
                    56.839824
                ]
            },
            "properties": {
                "news_id": "2085390482",
                "title": "На Урале обжаловали изъятие земель у \"Атомстройкомплекса\"",
                "date": "2026-04-06T10:26:00",
                "text_preview": "Решение об изъятии земель у крупнейшей уральской строительной корпорации \"Атомстройкомплекс\" в доход государства обжаловано, сообщили РИА Новости в объединенной пресс-службе судов Свердловской области...",
                "tags": [
                    "Происшествия",
                    "Екатеринбург",
                    "Россия",
                    "Свердловская область",
                    "Генеральная прокуратура РФ"
                ],
                "sentiment": "neutral",
                "confidence": 0.735,
                "place_name": "Екатеринбург",
                "place_type": "город",
                "region": "Свердловская область",
                "rang": 3,
                "url": "https://realty.ria.ru/20260406/ural-2085390482.html"
            }
        },
        {
            "type": "Feature",
            "geometry": {
                "type": "Point",
                "coordinates": [
                    60.425532,
                    56.967446
                ]
            },
            "properties": {
                "news_id": "2085390482",
                "title": "На Урале обжаловали изъятие земель у \"Атомстройкомплекса\"",
                "date": "2026-04-06T10:26:00",
                "text_preview": "Решение об изъятии земель у крупнейшей уральской строительной корпорации \"Атомстройкомплекс\" в доход государства обжаловано, сообщили РИА Новости в объединенной пресс-службе судов Свердловской области...",
                "tags": [
                    "Происшествия",
                    "Екатеринбург",
                    "Россия",
                    "Свердловская область",
                    "Генеральная прокуратура РФ"
                ],
                "sentiment": "neutral",
                "confidence": 0.735,
                "place_name": "Коптяки",
                "place_type": "деревня",
                "region": "Свердловская область",
                "rang": 3,
                "url": "https://realty.ria.ru/20260406/ural-2085390482.html"
            }
        },
        {
            "type": "Feature",
            "geometry": {
                "type": "Point",
                "coordinates": [
                    60.480178,
                    56.992412
                ]
            },
            "properties": {
                "news_id": "2085390482",
                "title": "На Урале обжаловали изъятие земель у \"Атомстройкомплекса\"",
                "date": "2026-04-06T10:26:00",
                "text_preview": "Решение об изъятии земель у крупнейшей уральской строительной корпорации \"Атомстройкомплекс\" в доход государства обжаловано, сообщили РИА Новости в объединенной пресс-службе судов Свердловской области...",
                "tags": [
                    "Происшествия",
                    "Екатеринбург",
                    "Россия",
                    "Свердловская область",
                    "Генеральная прокуратура РФ"
                ],
                "sentiment": "neutral",
                "confidence": 0.735,
                "place_name": "Среднеуральск",
                "place_type": "город",
                "region": "Свердловская область",
                "rang": 3,
                "url": "https://realty.ria.ru/20260406/ural-2085390482.html"
            }
        },
        {
            "type": "Feature",
            "geometry": {
                "type": "Point",
                "coordinates": [
                    60.010608,
                    59.771993
                ]
            },
            "properties": {
                "news_id": "2085406313",
                "title": "Жительницу Урала, издевавшуюся над девушкой-инвалидом, осудили на 9,5 лет",
                "date": "2026-04-06T11:35:00",
                "text_preview": "Карпинский городской суд приговорил к 9,5 годам колонии жительницу Карпинска, издевавшуюся над девушкой-инвалидом, которая впоследствии покончила с собой, фигурантка вину так и не признала, сообщила о...",
                "tags": [
                    "Происшествия",
                    "Карпинск",
                    "Свердловская область",
                    "Россия",
                    "Следственный комитет России (СК РФ)"
                ],
                "sentiment": "negative",
                "confidence": 0.581,
                "place_name": "Карпинск",
                "place_type": "город",
                "region": "Свердловская область",
                "rang": 3,
                "url": "https://ria.ru/20260406/ural-2085406313.html"
            }
        },
        {
            "type": "Feature",
            "geometry": {
                "type": "Point",
                "coordinates": [
                    61.53333,
                    58.58333
                ]
            },
            "properties": {
                "news_id": "2085569287",
                "title": "Синоптик назвала регионы России, где в пятницу будет идти мокрый снег",
                "date": "2026-04-07T04:05:00",
                "text_preview": "Сильные дожди с мокрым снегом ожидаются в Свердловской области, в Пермском крае, на юге Хабаровского края, на Чукотке и Сахалине, а также на юге Амурской области, сообщила РИА Новости ведущий специали...",
                "tags": [
                    "Свердловская область",
                    "Пермский край",
                    "Хабаровский край",
                    "Людмила Паршина",
                    "Гидрометцентр",
                    "Общество"
                ],
                "sentiment": "neutral",
                "confidence": 0.836,
                "place_name": "Свердловская область",
                "place_type": "region",
                "region": "Свердловская область",
                "rang": 1,
                "url": "https://ria.ru/20260407/pogoda-2085569287.html"
            }
        },
        {
            "type": "Feature",
            "geometry": {
                "type": "Point",
                "coordinates": [
                    61.53333,
                    58.58333
                ]
            },
            "properties": {
                "news_id": "2085602517",
                "title": "Россияне стали чаще слушать шансон, показало исследование",
                "date": "2026-04-07T10:19:00",
                "text_preview": "Песни русского шансона \"Московская песня\" Сергея Трофимова, \"Запахло весной\" группы \"Бутырка\" и \"Джульетта и вор\" Мафика стали слушать чаще в 2026 году, спрос на шансон у россиян вырос на 21% с начала...",
                "tags": [
                    "Культура",
                    "Краснодарский край",
                    "Свердловская область",
                    "Михаил Круг",
                    "Владимир Асмолов (певец)"
                ],
                "sentiment": "neutral",
                "confidence": 0.782,
                "place_name": "Свердловская область",
                "place_type": "region",
                "region": "Свердловская область",
                "rang": 1,
                "url": "https://ria.ru/20260407/rossijane-2085602517.html"
            }
        },
        {
            "type": "Feature",
            "geometry": {
                "type": "Point",
                "coordinates": [
                    60.592108,
                    56.839824
                ]
            },
            "properties": {
                "news_id": "2085664352",
                "title": "Гособвинение запросило для экс-депутата Гайсина 14 лет колонии",
                "date": "2026-04-07T14:14:00",
                "text_preview": "Гособвинение запросило для экс-депутата Госдумы и бывшего гендиректора свердловского завода \"Исеть\" Малика Гайсина 14 лет колонии по делу о хищении, сумма ущерба по которому превысила 385 миллионов ру...",
                "tags": [
                    "Происшествия",
                    "Свердловская область",
                    "Екатеринбург",
                    "Госдума РФ",
                    "Ростех"
                ],
                "sentiment": "negative",
                "confidence": 0.748,
                "place_name": "Екатеринбург",
                "place_type": "город",
                "region": "Свердловская область",
                "rang": 3,
                "url": "https://ria.ru/20260407/gosobvinenie-2085664352.html"
            }
        },
        {
            "type": "Feature",
            "geometry": {
                "type": "Point",
                "coordinates": [
                    59.942935,
                    56.908099
                ]
            },
            "properties": {
                "news_id": "2085963032",
                "title": "Осужденный на Урале сбежал из колонии из-за тоски по девушке",
                "date": "2026-04-08T18:26:00",
                "text_preview": "Осужденный в Первоуральске Свердловской области сбежал из надзора колонии-поселения из-за тоски по своей девушке, его вернули назад и завели на него новое дело, сообщил РИА Новости руководитель пресс-...",
                "tags": [
                    "Происшествия",
                    "Первоуральск",
                    "Свердловская область",
                    "Березовский",
                    "Валерий Горелых"
                ],
                "sentiment": "negative",
                "confidence": 0.675,
                "place_name": "Первоуральск",
                "place_type": "город",
                "region": "Свердловская область",
                "rang": 3,
                "url": "https://ria.ru/20260408/ural-2085963032.html"
            }
        },
        {
            "type": "Feature",
            "geometry": {
                "type": "Point",
                "coordinates": [
                    62.434821,
                    58.230987
                ]
            },
            "properties": {
                "news_id": "2085963032",
                "title": "Осужденный на Урале сбежал из колонии из-за тоски по девушке",
                "date": "2026-04-08T18:26:00",
                "text_preview": "Осужденный в Первоуральске Свердловской области сбежал из надзора колонии-поселения из-за тоски по своей девушке, его вернули назад и завели на него новое дело, сообщил РИА Новости руководитель пресс-...",
                "tags": [
                    "Происшествия",
                    "Первоуральск",
                    "Свердловская область",
                    "Березовский",
                    "Валерий Горелых"
                ],
                "sentiment": "negative",
                "confidence": 0.675,
                "place_name": "Березовский",
                "place_type": "поселок",
                "region": "Свердловская область",
                "rang": 3,
                "url": "https://ria.ru/20260408/ural-2085963032.html"
            }
        },
        {
            "type": "Feature",
            "geometry": {
                "type": "Point",
                "coordinates": [
                    61.849376,
                    59.1744
                ]
            },
            "properties": {
                "news_id": "2086014560",
                "title": "Житель Свердловской области отсудил у государства более 570 тысяч рублей",
                "date": "2026-04-08T22:50:00",
                "text_preview": "Житель поселка Сосьва Свердловской области отсудил у государства более 570 тысяч рублей за уголовное преследование, признанное в итоге незаконным, сообщила объединенная пресс-служба судов региона. Ист...",
                "tags": [
                    "Происшествия",
                    "Свердловская область",
                    "Россия",
                    "Урал"
                ],
                "sentiment": "neutral",
                "confidence": 0.625,
                "place_name": "Сосьва",
                "place_type": "поселок",
                "region": "Свердловская область",
                "rang": 3,
                "url": "https://ria.ru/20260408/zhitel-2086014560.html"
            }
        },
        {
            "type": "Feature",
            "geometry": {
                "type": "Point",
                "coordinates": [
                    66.17934,
                    55.82756
                ]
            },
            "properties": {
                "news_id": "2086014560",
                "title": "Житель Свердловской области отсудил у государства более 570 тысяч рублей",
                "date": "2026-04-08T22:50:00",
                "text_preview": "Житель поселка Сосьва Свердловской области отсудил у государства более 570 тысяч рублей за уголовное преследование, признанное в итоге незаконным, сообщила объединенная пресс-служба судов региона. Ист...",
                "tags": [
                    "Происшествия",
                    "Свердловская область",
                    "Россия",
                    "Урал"
                ],
                "sentiment": "neutral",
                "confidence": 0.625,
                "place_name": "Урал",
                "place_type": "деревня",
                "region": "Курганская область",
                "rang": 3,
                "url": "https://ria.ru/20260408/zhitel-2086014560.html"
            }
        },
        {
            "type": "Feature",
            "geometry": {
                "type": "Point",
                "coordinates": [
                    61.53333,
                    58.58333
                ]
            },
            "properties": {
                "news_id": "2086074934",
                "title": "На Урале фигуранту дела об убийстве ребенка запросили 18 лет колонии",
                "date": "2026-04-09T11:39:00",
                "text_preview": "Гособвинение просит 18 лет колонии для жителя Свердловской области, ставшего фигурантом дела об убийстве двухмесячного ребенка, который, по словам подсудимого, \"выпал у него из рук\", сообщила пресс-сл...",
                "tags": [
                    "Происшествия",
                    "Свердловская область",
                    "Свердловский областной суд"
                ],
                "sentiment": "negative",
                "confidence": 0.597,
                "place_name": "Свердловская область",
                "place_type": "region",
                "region": "Свердловская область",
                "rang": 1,
                "url": "https://ria.ru/20260409/ural-2086074934.html"
            }
        },
        {
            "type": "Feature",
            "geometry": {
                "type": "Point",
                "coordinates": [
                    61.53333,
                    58.58333
                ]
            },
            "properties": {
                "news_id": "2086200099",
                "title": "В Свердловской области семь человек пострадали в ДТП",
                "date": "2026-04-09T18:46:00",
                "text_preview": "Семь человек, из них двое детей, пострадали в ДТП с тремя автомобилями на трассе в Свердловской области, сообщила пресс-служба прокуратуры региона. Как уточняет ведомство, около 16.00 (14.00 мск – ред...",
                "tags": [
                    "Происшествия",
                    "Свердловская область",
                    "Lada Vesta"
                ],
                "sentiment": "negative",
                "confidence": 0.707,
                "place_name": "Свердловская область",
                "place_type": "region",
                "region": "Свердловская область",
                "rang": 1,
                "url": "https://ria.ru/20260409/dtp-2086200099.html"
            }
        },
        {
            "type": "Feature",
            "geometry": {
                "type": "Point",
                "coordinates": [
                    61.53333,
                    58.58333
                ]
            },
            "properties": {
                "news_id": "2086296777",
                "title": "Суд разрешил открыть лагерь на Урале, где отравились 14 детей",
                "date": "2026-04-10T11:58:00",
                "text_preview": "Суд после устранения недостатков разрешил открыть лагерь \"Исетские зори\" в Свердловской области, где ранее произошло массовое отравление детей, сообщила объединенная пресс-служба судов региона. Регион...",
                "tags": [
                    "Происшествия",
                    "Свердловская область",
                    "Россия",
                    "Федеральная служба по надзору в сфере защиты прав потребителей и благополучия человека (Роспотребнадзор)",
                    "Следственный комитет России (СК РФ)"
                ],
                "sentiment": "neutral",
                "confidence": 0.805,
                "place_name": "Свердловская область",
                "place_type": "region",
                "region": "Свердловская область",
                "rang": 1,
                "url": "https://ria.ru/20260410/sud-2086296777.html"
            }
        },
        {
            "type": "Feature",
            "geometry": {
                "type": "Point",
                "coordinates": [
                    62.943477,
                    57.621147
                ]
            },
            "properties": {
                "news_id": "2086332196",
                "title": "На Урале оштрафовали школу, где ученик выстрелил в одноклассницу",
                "date": "2026-04-10T14:07:00",
                "text_preview": "Школу в поселке Зайково Свердловской области оштрафовали на 200 тысяч рублей после того, как ученик выстрелил там в одноклассницу из пневматического пистолета, сообщила объединенная пресс-служба судов...",
                "tags": [
                    "Происшествия",
                    "Россия",
                    "Свердловская область",
                    "Ирбитский район",
                    "Федеральная служба войск национальной гвардии РФ (Росгвардия)",
                    "Следственный комитет России (СК РФ)"
                ],
                "sentiment": "negative",
                "confidence": 0.673,
                "place_name": "Ирбитский район",
                "place_type": "district",
                "region": "Свердловская область",
                "rang": 2,
                "url": "https://ria.ru/20260410/ural-2086332196.html"
            }
        },
        {
            "type": "Feature",
            "geometry": {
                "type": "Point",
                "coordinates": [
                    59.981553,
                    57.911244
                ]
            },
            "properties": {
                "news_id": "2086499295",
                "title": "Пятеро уральцев стали фигурантами дела об организации преступной группы",
                "date": "2026-04-11T12:09:00",
                "text_preview": "Уголовное дело об организации и участии в преступном сообществе возбуждено в Нижнем Тагиле Свердловской области, в нем пятеро подозреваемых, в деятельности сообщества есть и эпизоды вымогательства, ор...",
                "tags": [
                    "Происшествия",
                    "Россия",
                    "Свердловская область",
                    "Нижний Тагил",
                    "Валерий Горелых",
                    "Следственный комитет России (СК РФ)",
                    "Федеральная служба безопасности РФ (ФСБ России)"
                ],
                "sentiment": "negative",
                "confidence": 0.748,
                "place_name": "Нижний Тагил",
                "place_type": "город",
                "region": "Свердловская область",
                "rang": 3,
                "url": "https://ria.ru/20260411/sk-2086499295.html"
            }
        },
        {
            "type": "Feature",
            "geometry": {
                "type": "Point",
                "coordinates": [
                    61.53333,
                    58.58333
                ]
            },
            "properties": {
                "news_id": "2086542783",
                "title": "Волейболистки московского \"Динамо\" завоевали бронзу чемпионата России",
                "date": "2026-04-11T18:07:00",
                "text_preview": "Московское \"Динамо\" одержало победу над \"Уралочкой-НТМК\" из Свердловской области в третьем матче серии за третье место женского чемпионата России по волейболу и завоевало бронзу турнира. Встреча в Мос...",
                "tags": [
                    "Волейбол",
                    "Спорт",
                    "Россия",
                    "Уралочка-НТМК",
                    "Суперлига (чемпионат России по волейболу среди женщин)"
                ],
                "sentiment": "positive",
                "confidence": 0.577,
                "place_name": "Свердловская область",
                "place_type": "region",
                "region": "Свердловская область",
                "rang": 1,
                "url": "https://ria.ru/20260411/voleybol-2086542783.html"
            }
        },
        {
            "type": "Feature",
            "geometry": {
                "type": "Point",
                "coordinates": [
                    66.619681,
                    55.98291
                ]
            },
            "properties": {
                "news_id": "2086995608",
                "title": "Бабушкина оценила разработки уральского предприятия по производству БПЛА",
                "date": "2026-04-14T13:57:00",
                "text_preview": "Председатель Законодательного собрания Свердловской области Людмила Бабушкина с рабочим визитом посетила уральское предприятие \"Ньюлинк\", где оценила мощности инновационного производства БПЛА, сообщае...",
                "tags": [
                    "Свердловская область",
                    "Свердловская область",
                    "Людмила Бабушкина",
                    "БПЛА",
                    "Производство"
                ],
                "sentiment": "positive",
                "confidence": 0.618,
                "place_name": "Курская",
                "place_type": "деревня",
                "region": "Курганская область",
                "rang": 3,
                "url": "https://ria.ru/20260414/razrabotki-2086995608.html"
            }
        },
        {
            "type": "Feature",
            "geometry": {
                "type": "Point",
                "coordinates": [
                    60.095352,
                    57.247284
                ]
            },
            "properties": {
                "news_id": "2086999579",
                "title": "На Урале мужчину, убившего младенца за плач, приговорили к 15 годам",
                "date": "2026-04-14T14:19:00",
                "text_preview": "Свердловский областной суд приговорил жителя Новоуральска к 15 годам колонии строгого режима за убийство 2-месячного сына, сообщают объединенная пресс-служба судов региона и пресс-служба СУСК РФ по ре...",
                "tags": [
                    "Происшествия",
                    "Россия",
                    "Новоуральск",
                    "Урал",
                    "Валерий Горелых",
                    "Следственный комитет России (СК РФ)"
                ],
                "sentiment": "negative",
                "confidence": 0.602,
                "place_name": "Новоуральск",
                "place_type": "город",
                "region": "Свердловская область",
                "rang": 3,
                "url": "https://ria.ru/20260414/sud-2086999579.html"
            }
        },
        {
            "type": "Feature",
            "geometry": {
                "type": "Point",
                "coordinates": [
                    67.973876,
                    56.214465
                ]
            },
            "properties": {
                "news_id": "2086999579",
                "title": "На Урале мужчину, убившего младенца за плач, приговорили к 15 годам",
                "date": "2026-04-14T14:19:00",
                "text_preview": "Свердловский областной суд приговорил жителя Новоуральска к 15 годам колонии строгого режима за убийство 2-месячного сына, сообщают объединенная пресс-служба судов региона и пресс-служба СУСК РФ по ре...",
                "tags": [
                    "Происшествия",
                    "Россия",
                    "Новоуральск",
                    "Урал",
                    "Валерий Горелых",
                    "Следственный комитет России (СК РФ)"
                ],
                "sentiment": "negative",
                "confidence": 0.602,
                "place_name": "Первомайская",
                "place_type": "деревня",
                "region": "Тюменская область",
                "rang": 3,
                "url": "https://ria.ru/20260414/sud-2086999579.html"
            }
        },
        {
            "type": "Feature",
            "geometry": {
                "type": "Point",
                "coordinates": [
                    61.0824,
                    56.6757
                ]
            },
            "properties": {
                "news_id": "2086999579",
                "title": "На Урале мужчину, убившего младенца за плач, приговорили к 15 годам",
                "date": "2026-04-14T14:19:00",
                "text_preview": "Свердловский областной суд приговорил жителя Новоуральска к 15 годам колонии строгого режима за убийство 2-месячного сына, сообщают объединенная пресс-служба судов региона и пресс-служба СУСК РФ по ре...",
                "tags": [
                    "Происшествия",
                    "Россия",
                    "Новоуральск",
                    "Урал",
                    "Валерий Горелых",
                    "Следственный комитет России (СК РФ)"
                ],
                "sentiment": "negative",
                "confidence": 0.602,
                "place_name": "Уральский",
                "place_type": "поселок",
                "region": "Свердловская область",
                "rang": 3,
                "url": "https://ria.ru/20260414/sud-2086999579.html"
            }
        },
        {
            "type": "Feature",
            "geometry": {
                "type": "Point",
                "coordinates": [
                    61.53333,
                    58.58333
                ]
            },
            "properties": {
                "news_id": "2087006022",
                "title": "Свердловское ГАИ опровергло сообщения о проверке телефонов водителей",
                "date": "2026-04-14T14:40:00",
                "text_preview": "Управление госавтоинспекции ГУ МВД России по Свердловской области выпустило официальное опровержение информации, распространяющейся в соцсетях, о якобы проверках инспекторами мобильных телефонов водит...",
                "tags": [
                    "Происшествия",
                    "Свердловская область",
                    "Министерство внутренних дел РФ (МВД России)",
                    "ГИБДД МВД РФ",
                    "Технологии"
                ],
                "sentiment": "neutral",
                "confidence": 0.535,
                "place_name": "Свердловская область",
                "place_type": "region",
                "region": "Свердловская область",
                "rang": 1,
                "url": "https://ria.ru/20260414/gai-2087006022.html"
            }
        },
        {
            "type": "Feature",
            "geometry": {
                "type": "Point",
                "coordinates": [
                    64.030073,
                    57.450892
                ]
            },
            "properties": {
                "news_id": "2087046377",
                "title": "На Урале пьяного лихача задержали со стрельбой",
                "date": "2026-04-14T17:51:00",
                "text_preview": "Сотрудники полиции применили табельное оружие для задержания нетрезвого водителя без прав в понедельник в Серовском районе Свердловской области, лихач и его пассажир арестованы, сообщил журналистам пр...",
                "tags": [
                    "Происшествия",
                    "Свердловская область",
                    "Россия",
                    "Урал",
                    "Валерий Горелых",
                    "ГИБДД МВД РФ"
                ],
                "sentiment": "negative",
                "confidence": 0.735,
                "place_name": "Ключевая",
                "place_type": "деревня",
                "region": "Свердловская область",
                "rang": 3,
                "url": "https://ria.ru/20260414/mvd-2087046377.html"
            }
        },
        {
            "type": "Feature",
            "geometry": {
                "type": "Point",
                "coordinates": [
                    60.575313,
                    59.604785
                ]
            },
            "properties": {
                "news_id": "2087046377",
                "title": "На Урале пьяного лихача задержали со стрельбой",
                "date": "2026-04-14T17:51:00",
                "text_preview": "Сотрудники полиции применили табельное оружие для задержания нетрезвого водителя без прав в понедельник в Серовском районе Свердловской области, лихач и его пассажир арестованы, сообщил журналистам пр...",
                "tags": [
                    "Происшествия",
                    "Свердловская область",
                    "Россия",
                    "Урал",
                    "Валерий Горелых",
                    "ГИБДД МВД РФ"
                ],
                "sentiment": "negative",
                "confidence": 0.735,
                "place_name": "Серов",
                "place_type": "город",
                "region": "Свердловская область",
                "rang": 3,
                "url": "https://ria.ru/20260414/mvd-2087046377.html"
            }
        },
        {
            "type": "Feature",
            "geometry": {
                "type": "Point",
                "coordinates": [
                    60.426681,
                    60.696831
                ]
            },
            "properties": {
                "news_id": "2087046377",
                "title": "На Урале пьяного лихача задержали со стрельбой",
                "date": "2026-04-14T17:51:00",
                "text_preview": "Сотрудники полиции применили табельное оружие для задержания нетрезвого водителя без прав в понедельник в Серовском районе Свердловской области, лихач и его пассажир арестованы, сообщил журналистам пр...",
                "tags": [
                    "Происшествия",
                    "Свердловская область",
                    "Россия",
                    "Урал",
                    "Валерий Горелых",
                    "ГИБДД МВД РФ"
                ],
                "sentiment": "negative",
                "confidence": 0.735,
                "place_name": "Ивдель",
                "place_type": "город",
                "region": "Свердловская область",
                "rang": 3,
                "url": "https://ria.ru/20260414/mvd-2087046377.html"
            }
        },
        {
            "type": "Feature",
            "geometry": {
                "type": "Point",
                "coordinates": [
                    61.53333,
                    58.58333
                ]
            },
            "properties": {
                "news_id": "2087341261",
                "title": "Бабушкина планирует установить льготы для почты в Свердловской области",
                "date": "2026-04-16T13:05:00",
                "text_preview": "Председатель Законодательного собрания Свердловской области Людмила Бабушкина заявила о планах установить налоговые льготы для почтовых отделений, сообщает пресс-служба регионального парламента. В Зак...",
                "tags": [
                    "Людмила Бабушкина",
                    "Льготы"
                ],
                "sentiment": "neutral",
                "confidence": 0.802,
                "place_name": "Свердловская область",
                "place_type": "region",
                "region": "Свердловская область",
                "rang": 1,
                "url": "https://ria.ru/20260416/lgoty-2087341261.html"
            }
        },
        {
            "type": "Feature",
            "geometry": {
                "type": "Point",
                "coordinates": [
                    60.592108,
                    56.839824
                ]
            },
            "properties": {
                "news_id": "2087357508",
                "title": "В Екатеринбурге вынесли приговор бывшему депутату Госдумы Гайсину",
                "date": "2026-04-16T14:26:00",
                "text_preview": "Ленинский районный суд Екатеринбурга приговорил к 14 годам колонии экс-депутата Госдумы и бывшего гендиректора свердловского завода \"Исеть\" Малика Гайсина по делу о растрате, сумма ущерба которого пре...",
                "tags": [
                    "Госдума РФ",
                    "Происшествия",
                    "Ростех"
                ],
                "sentiment": "negative",
                "confidence": 0.773,
                "place_name": "Екатеринбург",
                "place_type": "город",
                "region": "Свердловская область",
                "rang": 3,
                "url": "https://ria.ru/20260416/prigovor-2087357508.html"
            }
        },
        {
            "type": "Feature",
            "geometry": {
                "type": "Point",
                "coordinates": [
                    66.610015,
                    56.877897
                ]
            },
            "properties": {
                "news_id": "2087579550",
                "title": "Водитель, насмерть сбивший школьниц в Ревде, получил 17 лет колонии",
                "date": "2026-04-17T15:54:00",
                "text_preview": "Екатеринбургский гарнизонный военный суд приговорил водителя Михаила Слободяна, насмерть сбившего школьниц в Ревде Свердловской области, к 17 годам колонии общего режима, рассказали РИА Новости в прес...",
                "tags": [
                    "Происшествия",
                    "Lada Vesta"
                ],
                "sentiment": "negative",
                "confidence": 0.681,
                "place_name": "Ревда",
                "place_type": "село",
                "region": "Тюменская область",
                "rang": 3,
                "url": "https://ria.ru/20260417/sud-2087579550.html"
            }
        },
        {
            "type": "Feature",
            "geometry": {
                "type": "Point",
                "coordinates": [
                    61.53333,
                    58.58333
                ]
            },
            "properties": {
                "news_id": "2087635806",
                "title": "Мать подростков, прикуривших от Вечного огня на Урале, наказала их",
                "date": "2026-04-17T20:26:00",
                "text_preview": "Подростков, прикуривших от Вечного огня в Полевском Свердловской области, нашли, они оказались братьями, их мать, узнав, что они натворили, сразу обоих отшлепала, сообщил РИА Новости руководитель прес...",
                "tags": [
                    "Происшествия",
                    "Полевской",
                    "Россия",
                    "Валерий Горелых",
                    "Следственный комитет России (СК РФ)"
                ],
                "sentiment": "neutral",
                "confidence": 0.788,
                "place_name": "Свердловская область",
                "place_type": "region",
                "region": "Свердловская область",
                "rang": 1,
                "url": "https://ria.ru/20260417/chp-2087635806.html"
            }
        },
        {
            "type": "Feature",
            "geometry": {
                "type": "Point",
                "coordinates": [
                    61.337918,
                    56.810201
                ]
            },
            "properties": {
                "news_id": "2087643334",
                "title": "СК возбудил дело о доведении до самоубийства Кунгурова",
                "date": "2026-04-17T21:54:00",
                "text_preview": "Следственный комитет России спустя два года после гибели заслуженного артиста РФ, оперного певца Евгения Кунгурова возбудил уголовное дело о доведении до самоубийства, сообщила РИА Новости представите...",
                "tags": [
                    "Происшествия",
                    "Россия",
                    "Москва",
                    "Евгений Кунгуров (оперный певец)"
                ],
                "sentiment": "negative",
                "confidence": 0.619,
                "place_name": "Заречный",
                "place_type": "город",
                "region": "Свердловская область",
                "rang": 3,
                "url": "https://ria.ru/20260417/kungurov-2087643334.html"
            }
        },
        {
            "type": "Feature",
            "geometry": {
                "type": "Point",
                "coordinates": [
                    61.53333,
                    58.58333
                ]
            },
            "properties": {
                "news_id": "2087803047",
                "title": "Синоптик рассказал о \"волне холода\" в Москве перед майскими праздниками",
                "date": "2026-04-19T11:26:00",
                "text_preview": "Очередная \"волна холода\" ожидается в Москве перед майскими праздниками, возможны ледяные дожди, сообщил РИА Новости ведущий специалист центра погоды \"Фобос\" Евгений Тишковец. \"Грядущая неделя вряд ли ...",
                "tags": [
                    "Общество",
                    "Москва",
                    "Евгений Тишковец"
                ],
                "sentiment": "neutral",
                "confidence": 0.881,
                "place_name": "Свердловская область",
                "place_type": "region",
                "region": "Свердловская область",
                "rang": 1,
                "url": "https://ria.ru/20260419/moskva-2087803047.html"
            }
        },
        {
            "type": "Feature",
            "geometry": {
                "type": "Point",
                "coordinates": [
                    61.53333,
                    58.58333
                ]
            },
            "properties": {
                "news_id": "2087875463",
                "title": "В нескольких районах Подмосковья минувшей ночью выпал снег",
                "date": "2026-04-20T07:36:00",
                "text_preview": "Снег выпал минувшей ночью в некоторых районах Подмосковья, в частности в Домодедово, Кашире и Дмитрове, сообщил РИА Новости ведущий специалист центра погоды \"Фобос\" Евгений Тишковец. \"Куда заглянула з...",
                "tags": [
                    "Московская область (Подмосковье)",
                    "Кашира",
                    "Дмитров",
                    "Евгений Тишковец"
                ],
                "sentiment": "neutral",
                "confidence": 0.851,
                "place_name": "Свердловская область",
                "place_type": "region",
                "region": "Свердловская область",
                "rang": 1,
                "url": "https://ria.ru/20260420/sneg-2087875463.html"
            }
        },
        {
            "type": "Feature",
            "geometry": {
                "type": "Point",
                "coordinates": [
                    61.53333,
                    58.58333
                ]
            },
            "properties": {
                "news_id": "2087908874",
                "title": "Курский суд приговорил украинского шпиона с Урала к 19 годам колонии",
                "date": "2026-04-20T11:11:00",
                "text_preview": "Курский областной суд приговорил собиравшего информацию для украинской разведки жителя Свердловской области к 19 годам колонии по статье о госизмене, сообщили в пресс-службе судебной системы региона. ...",
                "tags": [
                    "Курская область",
                    "Россия",
                    "Происшествия"
                ],
                "sentiment": "neutral",
                "confidence": 0.724,
                "place_name": "Свердловская область",
                "place_type": "region",
                "region": "Свердловская область",
                "rang": 1,
                "url": "https://ria.ru/20260420/sud-2087908874.html"
            }
        },
        {
            "type": "Feature",
            "geometry": {
                "type": "Point",
                "coordinates": [
                    66.17934,
                    55.82756
                ]
            },
            "properties": {
                "news_id": "2088053039",
                "title": "Синоптик рассказала, где в России температура будет ниже нормы",
                "date": "2026-04-21T02:39:00",
                "text_preview": "В ближайшие дни температура на 6-8 градусов будет ниже климатической нормы на Урале, сообщила РИА Новости ведущий специалист Гидрометцентра Людмила Паршина. \"Очень холодно будет на этой неделе именно ...",
                "tags": [
                    "Общество",
                    "Людмила Паршина",
                    "Гидрометцентр",
                    "Россия"
                ],
                "sentiment": "neutral",
                "confidence": 0.782,
                "place_name": "Урал",
                "place_type": "деревня",
                "region": "Курганская область",
                "rang": 3,
                "url": "https://ria.ru/20260421/pogoda-2088053039.html"
            }
        },
        {
            "type": "Feature",
            "geometry": {
                "type": "Point",
                "coordinates": [
                    61.53333,
                    58.58333
                ]
            },
            "properties": {
                "news_id": "2088151969",
                "title": "Бабушкина: в Свердловском парламенте приняли закон о поддержке гостиниц",
                "date": "2026-04-21T15:23:00",
                "text_preview": "Закон о сохранении в Свердловской области налоговых льгот для гостиниц направлен на поддержку развития инфраструктуры в данной сфере, сообщила председатель регионального Законодательного собрания Людм...",
                "tags": [
                    "Людмила Бабушкина",
                    "Гостиницы"
                ],
                "sentiment": "neutral",
                "confidence": 0.748,
                "place_name": "Свердловская область",
                "place_type": "region",
                "region": "Свердловская область",
                "rang": 1,
                "url": "https://ria.ru/20260421/babushkina-2088151969.html"
            }
        },
        {
            "type": "Feature",
            "geometry": {
                "type": "Point",
                "coordinates": [
                    60.592108,
                    56.839824
                ]
            },
            "properties": {
                "news_id": "2088275901",
                "title": "В Екатеринбурге умер музыкант Горенбург",
                "date": "2026-04-22T08:52:00",
                "text_preview": "Известный музыкант и генеральный продюсер международного фестиваля Ural Music Night Евгений Горенбург скончался на 67-м году в Екатеринбурге, сообщил губернатор Свердловской области Денис Паслер. \"Уше...",
                "tags": [],
                "sentiment": "neutral",
                "confidence": 0.702,
                "place_name": "Екатеринбург",
                "place_type": "город",
                "region": "Свердловская область",
                "rang": 3,
                "url": "https://ria.ru/20260422/gorenburg-2088275901.html"
            }
        },
        {
            "type": "Feature",
            "geometry": {
                "type": "Point",
                "coordinates": [
                    59.768259,
                    58.281089
                ]
            },
            "properties": {
                "news_id": "2088485257",
                "title": "Суд на Урале взыскал компенсацию для ветерана ВОВ, оставшейся без отопления",
                "date": "2026-04-23T09:24:00",
                "text_preview": "Кушвинский городской суд Свердловской области взыскал компенсацию морального вреда в пользу 102-летней ветерана Великой Отечественной войны, оставшейся без отопления на восемь дней, сообщила объединен...",
                "tags": [
                    "Происшествия"
                ],
                "sentiment": "neutral",
                "confidence": 0.744,
                "place_name": "Кушва",
                "place_type": "город",
                "region": "Свердловская область",
                "rang": 3,
                "url": "https://ria.ru/20260423/ural-2088485257.html"
            }
        },
        {
            "type": "Feature",
            "geometry": {
                "type": "Point",
                "coordinates": [
                    60.592108,
                    56.839824
                ]
            },
            "properties": {
                "news_id": "2088511131",
                "title": "В Екатеринбурге у 22 учащихся гимназии выявили сальмонеллез",
                "date": "2026-04-23T11:46:00",
                "text_preview": "Сальмонеллез выявили у 22 учащихся гимназии №116 в Екатеринбурге, в пищеблоке обнаружили нарушения, допущенные компанией-организатором питания, сообщила пресс-служба управления Роспотребнадзора по Све...",
                "tags": [
                    "Происшествия",
                    "Федеральная служба по надзору в сфере защиты прав потребителей и благополучия человека (Роспотребнадзор)"
                ],
                "sentiment": "neutral",
                "confidence": 0.636,
                "place_name": "Екатеринбург",
                "place_type": "город",
                "region": "Свердловская область",
                "rang": 3,
                "url": "https://ria.ru/20260423/ekaterinburg-2088511131.html"
            }
        },
        {
            "type": "Feature",
            "geometry": {
                "type": "Point",
                "coordinates": [
                    70.340885,
                    55.788106
                ]
            },
            "properties": {
                "news_id": "2088438962",
                "title": "Представлены рейтинги управленцев по Свердловской и Нижегородской областям",
                "date": "2026-04-23T12:00:00",
                "text_preview": "Ассоциация менеджеров впервые представила итоги рейтингов \"Топ-100 российских менеджеров. Регионы\" по Свердловской и Нижегородской областям, сообщила пресс-служба Ассоциации. Подавляющее большинство л...",
                "tags": [
                    "Экономика",
                    "Рейтинг",
                    "Ассоциация менеджеров России",
                    "Дмитрий Зеленин",
                    "Нижегородская область"
                ],
                "sentiment": "neutral",
                "confidence": 0.648,
                "place_name": "Свердловская",
                "place_type": "деревня",
                "region": "Тюменская область",
                "rang": 3,
                "url": "https://ria.ru/20260423/reytingi-2088438962.html"
            }
        },
        {
            "type": "Feature",
            "geometry": {
                "type": "Point",
                "coordinates": [
                    61.53333,
                    58.58333
                ]
            },
            "properties": {
                "news_id": "2088710452",
                "title": "Более 2,2 миллиона россиян проголосовали за благоустройство на Госуслугах",
                "date": "2026-04-24T12:07:00",
                "text_preview": "Более 2,2 миллиона человек приняли участие в голосовании за объекты благоустройства на портале \"Госуслуг\" в первые три дня с его начала, рассказало Минцифры в своем канале на платформе \"Макс\" . \"21 ап...",
                "tags": [
                    "Санкт-Петербург",
                    "Кемеровская область"
                ],
                "sentiment": "neutral",
                "confidence": 0.893,
                "place_name": "Свердловская область",
                "place_type": "region",
                "region": "Свердловская область",
                "rang": 1,
                "url": "https://ria.ru/20260424/gosuslugi-2088710452.html"
            }
        },
        {
            "type": "Feature",
            "geometry": {
                "type": "Point",
                "coordinates": [
                    59.942935,
                    56.908099
                ]
            },
            "properties": {
                "news_id": "2088813415",
                "title": "Дело об убийстве девочки на Урале направили в суд",
                "date": "2026-04-24T19:06:00",
                "text_preview": "Уголовное дело обвиняемого в убийстве 9-летней девочки в Талицком районе Свердловской области направлено в суд, сообщил журналистам старший помощник руководителя регионального управления СК РФ Алексан...",
                "tags": [
                    "Происшествия",
                    "Россия",
                    "Александр Шульга",
                    "Валерий Горелых",
                    "Следственный комитет России (СК РФ)"
                ],
                "sentiment": "negative",
                "confidence": 0.735,
                "place_name": "Первоуральск",
                "place_type": "город",
                "region": "Свердловская область",
                "rang": 3,
                "url": "https://ria.ru/20260424/sud-2088813415.html"
            }
        },
        {
            "type": "Feature",
            "geometry": {
                "type": "Point",
                "coordinates": [
                    65.51564,
                    57.154949
                ]
            },
            "properties": {
                "news_id": "2088817104",
                "title": "В Тюмени начальника отдела полиции обвинили в получении крупной взятки",
                "date": "2026-04-24T19:42:00",
                "text_preview": "Начальник отдела по борьбе с экономическими преступлениями и противодействию коррупции УМВД России по городу Тюмени обвиняется в получении крупной взятки, по решению суда он отправлен под стажу, сообщ...",
                "tags": [
                    "Происшествия",
                    "Россия",
                    "Следственный комитет России (СК РФ)"
                ],
                "sentiment": "negative",
                "confidence": 0.814,
                "place_name": "Тюмень",
                "place_type": "город",
                "region": "Тюменская область",
                "rang": 3,
                "url": "https://ria.ru/20260424/chp-2088817104.html"
            }
        },
        {
            "type": "Feature",
            "geometry": {
                "type": "Point",
                "coordinates": [
                    61.401967,
                    55.151676
                ]
            },
            "properties": {
                "news_id": "2088826108",
                "title": "На Урале задержали членов ОПГ за хищение выплат участникам СВО",
                "date": "2026-04-24T20:36:00",
                "text_preview": "Членов организованной преступной группы, которым вменяют хищение выплат участников СВО, поймали в Челябинской области, сообщила пресс-служба регионального главка МВД. По данным пресс-службы, вычислили...",
                "tags": [
                    "Происшествия",
                    "Министерство внутренних дел РФ (МВД России)",
                    "Федеральная служба войск национальной гвардии РФ (Росгвардия)"
                ],
                "sentiment": "negative",
                "confidence": 0.839,
                "place_name": "Челябинск",
                "place_type": "город",
                "region": "Челябинская область",
                "rang": 3,
                "url": "https://ria.ru/20260424/svo-2088826108.html"
            }
        },
        {
            "type": "Feature",
            "geometry": {
                "type": "Point",
                "coordinates": [
                    61.53333,
                    58.58333
                ]
            },
            "properties": {
                "news_id": "2088854791",
                "title": "В Свердловской области ввели план \"Ковер\"",
                "date": "2026-04-25T05:53:00",
                "text_preview": "Режим \"Ковер\" действует в Свердловской области, закрыто воздушное пространство на всех высотах, сообщил губернатор Денис Паслер. \"В области действует режим \"Ковер\". Закрыто воздушное пространство на в...",
                "tags": [
                    "Специальная военная операция на Украине",
                    "Денис Паслер"
                ],
                "sentiment": "neutral",
                "confidence": 0.659,
                "place_name": "Свердловская область",
                "place_type": "region",
                "region": "Свердловская область",
                "rang": 1,
                "url": "https://ria.ru/20260425/plan-2088854791.html"
            }
        },
        {
            "type": "Feature",
            "geometry": {
                "type": "Point",
                "coordinates": [
                    60.592108,
                    56.839824
                ]
            },
            "properties": {
                "news_id": "2088868755",
                "title": "В Свердловской области отменили режим опасности атаки БПЛА",
                "date": "2026-04-25T10:05:00",
                "text_preview": "Режим опасности атаки БПЛА отменен в Свердловской области, сообщил губернатор региона Денис Паслер. \"Отбой опасности атаки БПЛА в Свердловской области\", – написал глава региона в своих соцсетях. В суб...",
                "tags": [
                    "Денис Паслер",
                    "Федеральное агентство воздушного транспорта (Росавиация)"
                ],
                "sentiment": "neutral",
                "confidence": 0.801,
                "place_name": "Екатеринбург",
                "place_type": "город",
                "region": "Свердловская область",
                "rang": 3,
                "url": "https://ria.ru/20260425/bpla-2088868755.html"
            }
        },
        {
            "type": "Feature",
            "geometry": {
                "type": "Point",
                "coordinates": [
                    60.592108,
                    56.839824
                ]
            },
            "properties": {
                "news_id": "2088876583",
                "title": "СК расследует атаку ВСУ по жилому дому в Свердловской области",
                "date": "2026-04-25T11:34:00",
                "text_preview": "Российские следователи расследуют атаку ВСУ по жилому дому в Свердловской области, в результате которой пострадали шесть человек, сообщает пресс-служба СК РФ. В субботу глава Свердловской области Дени...",
                "tags": [
                    "Происшествия",
                    "Россия",
                    "Денис Паслер",
                    "Вооруженные силы Украины",
                    "Следственный комитет России (СК РФ)"
                ],
                "sentiment": "negative",
                "confidence": 0.622,
                "place_name": "Екатеринбург",
                "place_type": "город",
                "region": "Свердловская область",
                "rang": 3,
                "url": "https://ria.ru/20260425/sk-2088876583.html"
            }
        },
        {
            "type": "Feature",
            "geometry": {
                "type": "Point",
                "coordinates": [
                    60.569519,
                    56.963739
                ]
            },
            "properties": {
                "news_id": "2089085314",
                "title": "На Урале врача, у которого умер пациент, освободили от наказания",
                "date": "2026-04-27T08:36:00",
                "text_preview": "Верхнепышминский городской суд признал виновным врача-эндоскописта Алексея Беду по делу о смерти пациента, однако из-за истечения срока давности привлечения к ответственности его от наказания освободи...",
                "tags": [
                    "Происшествия",
                    "Россия"
                ],
                "sentiment": "neutral",
                "confidence": 0.688,
                "place_name": "Верхняя Пышма",
                "place_type": "город",
                "region": "Свердловская область",
                "rang": 3,
                "url": "https://ria.ru/20260427/ural-2089085314.html"
            }
        },
        {
            "type": "Feature",
            "geometry": {
                "type": "Point",
                "coordinates": [
                    60.592108,
                    56.839824
                ]
            },
            "properties": {
                "news_id": "2089093646",
                "title": "В Екатеринбурге вынесли приговор по делу о хищениях при уборке дорог",
                "date": "2026-04-27T09:28:00",
                "text_preview": "Суд в Екатеринбурге признал виновными управляющего ООО \"Уралдортехнологии\" Романа Жданова и бывшего исполнительного директора этой же организации Светлану Тамбовцеву по делу о мошенничестве при уборке...",
                "tags": [
                    "Происшествия",
                    "Россия"
                ],
                "sentiment": "negative",
                "confidence": 0.624,
                "place_name": "Екатеринбург",
                "place_type": "город",
                "region": "Свердловская область",
                "rang": 3,
                "url": "https://ria.ru/20260427/uborka-2089093646.html"
            }
        },
        {
            "type": "Feature",
            "geometry": {
                "type": "Point",
                "coordinates": [
                    66.17934,
                    55.82756
                ]
            },
            "properties": {
                "news_id": "2089120984",
                "title": "Песков переадресовал военным вопрос о месте запуска БПЛА при атаке на Урал",
                "date": "2026-04-27T11:43:00",
                "text_preview": "Пресс-секретарь президента РФ Дмитрий Песков переадресовал российским военным вопрос о возможном месте запуска украинских дронов при атаке на Урал, пояснив, что именно бойцы РФ определяют источник угр...",
                "tags": [
                    "Россия",
                    "Дмитрий Песков",
                    "Казахстан",
                    "Денис Паслер"
                ],
                "sentiment": "neutral",
                "confidence": 0.843,
                "place_name": "Урал",
                "place_type": "деревня",
                "region": "Курганская область",
                "rang": 3,
                "url": "https://ria.ru/20260427/peskov-2089120984.html"
            }
        },
        {
            "type": "Feature",
            "geometry": {
                "type": "Point",
                "coordinates": [
                    60.592108,
                    56.839824
                ]
            },
            "properties": {
                "news_id": "2089120984",
                "title": "Песков переадресовал военным вопрос о месте запуска БПЛА при атаке на Урал",
                "date": "2026-04-27T11:43:00",
                "text_preview": "Пресс-секретарь президента РФ Дмитрий Песков переадресовал российским военным вопрос о возможном месте запуска украинских дронов при атаке на Урал, пояснив, что именно бойцы РФ определяют источник угр...",
                "tags": [
                    "Россия",
                    "Дмитрий Песков",
                    "Казахстан",
                    "Денис Паслер"
                ],
                "sentiment": "neutral",
                "confidence": 0.843,
                "place_name": "Екатеринбург",
                "place_type": "город",
                "region": "Свердловская область",
                "rang": 3,
                "url": "https://ria.ru/20260427/peskov-2089120984.html"
            }
        },
        {
            "type": "Feature",
            "geometry": {
                "type": "Point",
                "coordinates": [
                    61.53333,
                    58.58333
                ]
            },
            "properties": {
                "news_id": "2089187364",
                "title": "Бабушкина приняла участие в мероприятиях Совета законодателей РФ",
                "date": "2026-04-27T16:26:00",
                "text_preview": "Председатель Законодательного Собрания Свердловской области, член президиума Совета законодателей РФ Людмила Бабушкина приняла участие в мероприятиях Совета законодателей РФ при Федеральном Собрании Р...",
                "tags": [
                    "Людмила Бабушкина"
                ],
                "sentiment": "neutral",
                "confidence": 0.817,
                "place_name": "Свердловская область",
                "place_type": "region",
                "region": "Свердловская область",
                "rang": 1,
                "url": "https://ria.ru/20260427/babushkina-2089187364.html"
            }
        },
        {
            "type": "Feature",
            "geometry": {
                "type": "Point",
                "coordinates": [
                    60.592108,
                    56.839824
                ]
            },
            "properties": {
                "news_id": "2089291125",
                "title": "Каримова сняли с должности гендиректора \"Южного Урала\"",
                "date": "2026-04-28T09:25:00",
                "text_preview": "Арестованного по делу о взятке бывшего директора екатеринбургской хоккейной школы \"Спартаковец\" Владимира Каримова сняли с должности гендиректора \"Южного Урала\", следует из заявления хоккейного клуба....",
                "tags": [
                    "Хоккей",
                    "Происшествия",
                    "Южный Урал (Орск)",
                    "КХЛ 2025-2026"
                ],
                "sentiment": "negative",
                "confidence": 0.608,
                "place_name": "Екатеринбург",
                "place_type": "город",
                "region": "Свердловская область",
                "rang": 3,
                "url": "https://ria.ru/20260428/khokkey-2089291125.html"
            }
        },
        {
            "type": "Feature",
            "geometry": {
                "type": "Point",
                "coordinates": [
                    61.53333,
                    58.58333
                ]
            },
            "properties": {
                "news_id": "2089427513",
                "title": "Путин отметил качество российского медоборудования",
                "date": "2026-04-28T17:17:00",
                "text_preview": "Президент РФ Владимир Путин назвал произведенное в России медоборудование очень современным и качественным. Президент РФ Владимир Путин во вторник посещает Федеральный центр медицины катастроф (ФЦМК) ...",
                "tags": [
                    "Россия",
                    "Москва",
                    "Денис Паслер",
                    "Владимир Путин"
                ],
                "sentiment": "positive",
                "confidence": 0.753,
                "place_name": "Свердловская область",
                "place_type": "region",
                "region": "Свердловская область",
                "rang": 1,
                "url": "https://ria.ru/20260428/putin-2089427513.html"
            }
        },
        {
            "type": "Feature",
            "geometry": {
                "type": "Point",
                "coordinates": [
                    61.53333,
                    58.58333
                ]
            },
            "properties": {
                "news_id": "2089508839",
                "title": "В Свердловской области объявили режим беспилотной опасности",
                "date": "2026-04-29T06:17:00",
                "text_preview": "Режим беспилотной опасности объявлен в Свердловской области, сообщил губернатор региона Денис Паслер. \"В регионе объявлен режим беспилотной опасности. Ответственные службы и ведомства принимают все не...",
                "tags": [
                    "Специальная военная операция на Украине",
                    "Денис Паслер",
                    "Безопасность"
                ],
                "sentiment": "neutral",
                "confidence": 0.828,
                "place_name": "Свердловская область",
                "place_type": "region",
                "region": "Свердловская область",
                "rang": 1,
                "url": "https://ria.ru/20260429/trevoga-2089508839.html"
            }
        },
        {
            "type": "Feature",
            "geometry": {
                "type": "Point",
                "coordinates": [
                    60.592108,
                    56.839824
                ]
            },
            "properties": {
                "news_id": "2089641884",
                "title": "Дело наемников, напавших на жителя Екатеринбурга, направили в суд",
                "date": "2026-04-29T15:55:00",
                "text_preview": "Дело наемников, которые по заказу сотрудников управляющей компании совершили нападение на недовольного работой этой УК жителя Екатеринбурга, направлено в суд, заказчики находятся в розыске, сообщил жу...",
                "tags": [
                    "Происшествия",
                    "Россия",
                    "Александр Шульга",
                    "Александр Бастрыкин",
                    "Следственный комитет России (СК РФ)"
                ],
                "sentiment": "negative",
                "confidence": 0.808,
                "place_name": "Екатеринбург",
                "place_type": "город",
                "region": "Свердловская область",
                "rang": 3,
                "url": "https://ria.ru/20260429/delo-2089641884.html"
            }
        },
        {
            "type": "Feature",
            "geometry": {
                "type": "Point",
                "coordinates": [
                    61.53333,
                    58.58333
                ]
            },
            "properties": {
                "news_id": "2089668658",
                "title": "На Урале суд приостановил работу школьной столовой, где отравились ученики",
                "date": "2026-04-29T17:48:00",
                "text_preview": "Суд приостановил работу школьной столовой в Полевском Свердловской области, где произошло массовое отравление учеников, сообщила объединенная пресс-служба судов региона. Прокуратура региона 24 апреля ...",
                "tags": [
                    "Происшествия",
                    "Полевской",
                    "Россия",
                    "Следственный комитет России (СК РФ)",
                    "Федеральная служба по надзору в сфере защиты прав потребителей и благополучия человека (Роспотребнадзор)"
                ],
                "sentiment": "neutral",
                "confidence": 0.693,
                "place_name": "Свердловская область",
                "place_type": "region",
                "region": "Свердловская область",
                "rang": 1,
                "url": "https://ria.ru/20260429/sud-2089668658.html"
            }
        },
        {
            "type": "Feature",
            "geometry": {
                "type": "Point",
                "coordinates": [
                    61.53333,
                    58.58333
                ]
            },
            "properties": {
                "news_id": "2089758524",
                "title": "В Свердловской области объявили режим беспилотной опасности",
                "date": "2026-04-30T04:41:00",
                "text_preview": "Беспилотная опасность объявлена в Свердловской области, сообщил губернатор Денис Паслер. \"В регионе объявлен режим беспилотной опасности! Ответственные службы и ведомства принимают все необходимые мер...",
                "tags": [
                    "Специальная военная операция на Украине",
                    "Денис Паслер",
                    "Безопасность"
                ],
                "sentiment": "neutral",
                "confidence": 0.833,
                "place_name": "Свердловская область",
                "place_type": "region",
                "region": "Свердловская область",
                "rang": 1,
                "url": "https://ria.ru/20260430/trevoga-2089758524.html"
            }
        },
        {
            "type": "Feature",
            "geometry": {
                "type": "Point",
                "coordinates": [
                    62.434821,
                    58.230987
                ]
            },
            "properties": {
                "news_id": "2089840094",
                "title": "Бабушкина сообщила об открытии выставки изделий для бойцов спецоперации",
                "date": "2026-04-30T13:05:00",
                "text_preview": "Очередная выставка изделий для бойцов спецоперации пройдет в здании Законодательного собрания Свердловской области, сообщила председатель регионального парламента Людмила Бабушкина. Она указала, что п...",
                "tags": [
                    "Людмила Бабушкина"
                ],
                "sentiment": "neutral",
                "confidence": 0.726,
                "place_name": "Березовский",
                "place_type": "поселок",
                "region": "Свердловская область",
                "rang": 3,
                "url": "https://ria.ru/20260430/babushkina-2089840094.html"
            }
        },
        {
            "type": "Feature",
            "geometry": {
                "type": "Point",
                "coordinates": [
                    61.53333,
                    58.58333
                ]
            },
            "properties": {
                "news_id": "2089976397",
                "title": "Андрей Воробьев встретился с финалистами программы \"Герои Подмосковья\"",
                "date": "2026-04-30T19:58:00",
                "text_preview": "Губернатор Подмосковья Андрей Воробьев и полпред президента РФ в ЦФО Игорь Щеголев встретились с финалистами программы \"Герои Подмосковья\" и членам регионального отделения Ассоциации участников СВО, с...",
                "tags": [
                    "Новости Подмосковья",
                    "Общество",
                    "Россия",
                    "Московская область (Подмосковье)",
                    "Москва",
                    "Андрей Воробьев",
                    "Игорь Щеголев"
                ],
                "sentiment": "positive",
                "confidence": 0.668,
                "place_name": "Свердловская область",
                "place_type": "region",
                "region": "Свердловская область",
                "rang": 1,
                "url": "https://ria.ru/20260430/vorobev-2089976397.html"
            }
        },
        {
            "type": "Feature",
            "geometry": {
                "type": "Point",
                "coordinates": [
                    60.592108,
                    56.839824
                ]
            },
            "properties": {
                "news_id": "2090036772",
                "title": "В Екатеринбурге задержали мужчину, пытавшегося напасть на губернатора",
                "date": "2026-05-01T09:50:00",
                "text_preview": "Неизвестный мужчина задержан в пятницу в Екатеринбурге в ходе инцидента рядом с губернатором Свердловской области Денисом Паслером, правоохранители выясняют обстоятельства, пострадавших нет, сообщили ...",
                "tags": [
                    "Происшествия",
                    "Россия",
                    "Денис Паслер"
                ],
                "sentiment": "negative",
                "confidence": 0.708,
                "place_name": "Екатеринбург",
                "place_type": "город",
                "region": "Свердловская область",
                "rang": 3,
                "url": "https://ria.ru/20260501/ekaterinburg-2090036772.html"
            }
        },
        {
            "type": "Feature",
            "geometry": {
                "type": "Point",
                "coordinates": [
                    61.53333,
                    58.58333
                ]
            },
            "properties": {
                "news_id": "2090043340",
                "title": "Путин присвоил пятерым россиянам звание Героя труда",
                "date": "2026-05-01T10:39:00",
                "text_preview": "Президент РФ Владимир Путин в праздник весны и труда присвоил пятерым россиянам звание Героя труда России, соответствующий указ опубликован на портале правовой информации. Почетные звания присвоены на...",
                "tags": [
                    "Общество",
                    "Россия",
                    "Владимир Путин",
                    "Марина Неелова"
                ],
                "sentiment": "positive",
                "confidence": 0.536,
                "place_name": "Свердловская область",
                "place_type": "region",
                "region": "Свердловская область",
                "rang": 1,
                "url": "https://ria.ru/20260501/putin-2090043340.html"
            }
        },
        {
            "type": "Feature",
            "geometry": {
                "type": "Point",
                "coordinates": [
                    60.592108,
                    56.839824
                ]
            },
            "properties": {
                "news_id": "2090054526",
                "title": "Адвокат рассказал, как будут судить мужчину, прорвавшегося к Паслеру",
                "date": "2026-05-01T13:01:00",
                "text_preview": "Правоохранительные органы будут квалифицировать поведение мужчины, прорвавшегося к губернатору Свердловской области Денису Паслеру во время первомайской демонстрации в Екатеринбурге, по его мотивам, с...",
                "tags": [
                    "Происшествия",
                    "Денис Паслер"
                ],
                "sentiment": "neutral",
                "confidence": 0.59,
                "place_name": "Екатеринбург",
                "place_type": "город",
                "region": "Свердловская область",
                "rang": 3,
                "url": "https://ria.ru/20260501/pasler-2090054526.html"
            }
        },
        {
            "type": "Feature",
            "geometry": {
                "type": "Point",
                "coordinates": [
                    66.17934,
                    55.82756
                ]
            },
            "properties": {
                "news_id": "2090054526",
                "title": "Адвокат рассказал, как будут судить мужчину, прорвавшегося к Паслеру",
                "date": "2026-05-01T13:01:00",
                "text_preview": "Правоохранительные органы будут квалифицировать поведение мужчины, прорвавшегося к губернатору Свердловской области Денису Паслеру во время первомайской демонстрации в Екатеринбурге, по его мотивам, с...",
                "tags": [
                    "Происшествия",
                    "Денис Паслер"
                ],
                "sentiment": "neutral",
                "confidence": 0.59,
                "place_name": "Урал",
                "place_type": "деревня",
                "region": "Курганская область",
                "rang": 3,
                "url": "https://ria.ru/20260501/pasler-2090054526.html"
            }
        },
        {
            "type": "Feature",
            "geometry": {
                "type": "Point",
                "coordinates": [
                    60.592108,
                    56.839824
                ]
            },
            "properties": {
                "news_id": "2090057382",
                "title": "Свердловский губернатор продолжил фотографироваться после инцидента",
                "date": "2026-05-01T13:27:00",
                "text_preview": "Глава Свердловской области Денис Паслер после инцидента с попыткой неизвестного прорваться к нему во время первомайского митинга продолжил спокойно фотографироваться, его охрана сработала четко, расск...",
                "tags": [
                    "Происшествия",
                    "Денис Паслер",
                    "ЛДПР"
                ],
                "sentiment": "neutral",
                "confidence": 0.767,
                "place_name": "Екатеринбург",
                "place_type": "город",
                "region": "Свердловская область",
                "rang": 3,
                "url": "https://ria.ru/20260501/gubernator--2090057382.html"
            }
        },
        {
            "type": "Feature",
            "geometry": {
                "type": "Point",
                "coordinates": [
                    60.592108,
                    56.839824
                ]
            },
            "properties": {
                "news_id": "2090062373",
                "title": "Журналист рассказал о поведении мужчины, прорвавшегося к Паслеру",
                "date": "2026-05-01T14:00:00",
                "text_preview": "Мужчина, прорвавшийся к губернатору Свердловской области Денису Паслеру во время первомайской демонстрации в Екатеринбурге, вел себя агрессивно, две минуты он точно сопротивлялся при задержании, сообщ...",
                "tags": [
                    "Происшествия",
                    "Денис Паслер"
                ],
                "sentiment": "negative",
                "confidence": 0.608,
                "place_name": "Екатеринбург",
                "place_type": "город",
                "region": "Свердловская область",
                "rang": 3,
                "url": "https://ria.ru/20260501/pasler-2090062373.html"
            }
        },
        {
            "type": "Feature",
            "geometry": {
                "type": "Point",
                "coordinates": [
                    66.17934,
                    55.82756
                ]
            },
            "properties": {
                "news_id": "2090062373",
                "title": "Журналист рассказал о поведении мужчины, прорвавшегося к Паслеру",
                "date": "2026-05-01T14:00:00",
                "text_preview": "Мужчина, прорвавшийся к губернатору Свердловской области Денису Паслеру во время первомайской демонстрации в Екатеринбурге, вел себя агрессивно, две минуты он точно сопротивлялся при задержании, сообщ...",
                "tags": [
                    "Происшествия",
                    "Денис Паслер"
                ],
                "sentiment": "negative",
                "confidence": 0.608,
                "place_name": "Урал",
                "place_type": "деревня",
                "region": "Курганская область",
                "rang": 3,
                "url": "https://ria.ru/20260501/pasler-2090062373.html"
            }
        },
        {
            "type": "Feature",
            "geometry": {
                "type": "Point",
                "coordinates": [
                    60.592108,
                    56.839824
                ]
            },
            "properties": {
                "news_id": "2090090266",
                "title": "Появились новые подробности о ЧП со свердловским губернатором",
                "date": "2026-05-01T17:56:00",
                "text_preview": "Свидетельница попытки неизвестного мужчины прорваться к губернатору Свердловской области Денису Паслеру во время первомайского митинга рассказала РИА Новости, что не видела у него оружия. \"Я не видела...",
                "tags": [
                    "Происшествия",
                    "Денис Паслер",
                    "ЛДПР"
                ],
                "sentiment": "neutral",
                "confidence": 0.612,
                "place_name": "Екатеринбург",
                "place_type": "город",
                "region": "Свердловская область",
                "rang": 3,
                "url": "https://ria.ru/20260501/chp-2090090266.html"
            }
        },
        {
            "type": "Feature",
            "geometry": {
                "type": "Point",
                "coordinates": [
                    59.942935,
                    56.908099
                ]
            },
            "properties": {
                "news_id": "2090107449",
                "title": "По факту массового ДТП на Урале возбудили уголовное дело",
                "date": "2026-05-01T20:01:00",
                "text_preview": "Уголовное дело возбуждено по факту массового ДТП на 57-м километре Екатеринбургской кольцевой автодороги, в результате которого погибли, предварительно, четверо несовершеннолетних, а также пострадали ...",
                "tags": [
                    "Происшествия",
                    "Россия",
                    "Александр Шульга",
                    "Renault S.A",
                    "Следственный комитет России (СК РФ)",
                    "ГИБДД МВД РФ",
                    "Renault Clio",
                    "Toyota Corolla",
                    "Opel Astra"
                ],
                "sentiment": "negative",
                "confidence": 0.706,
                "place_name": "Первоуральск",
                "place_type": "город",
                "region": "Свердловская область",
                "rang": 3,
                "url": "https://ria.ru/20260501/dtp-2090107449.html"
            }
        },
        {
            "type": "Feature",
            "geometry": {
                "type": "Point",
                "coordinates": [
                    59.942935,
                    56.908099
                ]
            },
            "properties": {
                "news_id": "2090108070",
                "title": "Появились новые детали массового ДТП на Урале",
                "date": "2026-05-01T20:14:00",
                "text_preview": "Автомобиль Renault, который попал в массовое ДТП на 57-м километре Екатеринбургской кольцевой автодороги, и где погибли дети, сильно искорежен, следует из фото и видео Госавтоинспекции Свердловской об...",
                "tags": [
                    "Происшествия",
                    "Renault S.A",
                    "ГИБДД МВД РФ",
                    "Renault Logan",
                    "Renault Clio",
                    "Toyota Corolla"
                ],
                "sentiment": "negative",
                "confidence": 0.684,
                "place_name": "Первоуральск",
                "place_type": "город",
                "region": "Свердловская область",
                "rang": 3,
                "url": "https://ria.ru/20260501/dtp-2090108070.html"
            }
        },
        {
            "type": "Feature",
            "geometry": {
                "type": "Point",
                "coordinates": [
                    60.592108,
                    56.839824
                ]
            },
            "properties": {
                "news_id": "2090160541",
                "title": "В Екатеринбурге арестовали мужчину, пытавшегося прорваться к губернатору",
                "date": "2026-05-02T10:45:00",
                "text_preview": "Верх-Исетский районный суд в Екатеринбурге отправил под стражу мужчину, пытавшегося прорваться к губернатору Свердловской области на первомайском митинге, по делу о мелком хулиганстве, сообщили РИА Но...",
                "tags": [
                    "Происшествия"
                ],
                "sentiment": "neutral",
                "confidence": 0.551,
                "place_name": "Екатеринбург",
                "place_type": "город",
                "region": "Свердловская область",
                "rang": 3,
                "url": "https://ria.ru/20260502/sud-2090160541.html"
            }
        },
        {
            "type": "Feature",
            "geometry": {
                "type": "Point",
                "coordinates": [
                    61.53333,
                    58.58333
                ]
            },
            "properties": {
                "news_id": "2090193331",
                "title": "Огненный шар на Урале отличается от метеоров, рассказал ученый",
                "date": "2026-05-02T16:16:00",
                "text_preview": "Огненный шар, замеченный жителями Свердловской области в ночном небе 1 мая, отличается от метеоров цветом, сообщил РИА Новости инженер учебной обсерватории Уральского федерального университета Владиле...",
                "tags": [
                    "Уральский федеральный университет",
                    "Происшествия"
                ],
                "sentiment": "neutral",
                "confidence": 0.906,
                "place_name": "Свердловская область",
                "place_type": "region",
                "region": "Свердловская область",
                "rang": 1,
                "url": "https://ria.ru/20260502/ural-2090193331.html"
            }
        },
        {
            "type": "Feature",
            "geometry": {
                "type": "Point",
                "coordinates": [
                    66.17934,
                    55.82756
                ]
            },
            "properties": {
                "news_id": "2090199432",
                "title": "Паслер пообещал юридическую помощь пытавшемуся прорваться к нему мужчине",
                "date": "2026-05-02T17:04:00",
                "text_preview": "Губернатор Свердловской области Денис Паслер заявил, что поручил обеспечить мужчине, пытавшемуся прорваться к нему и арестованному в субботу за мелкое хулиганство, необходимую юридическую поддержку. Э...",
                "tags": [
                    "Происшествия",
                    "Денис Паслер"
                ],
                "sentiment": "negative",
                "confidence": 0.727,
                "place_name": "Урал",
                "place_type": "деревня",
                "region": "Курганская область",
                "rang": 3,
                "url": "https://ria.ru/20260502/pasler-2090199432.html"
            }
        },
        {
            "type": "Feature",
            "geometry": {
                "type": "Point",
                "coordinates": [
                    60.592108,
                    56.839824
                ]
            },
            "properties": {
                "news_id": "2090199432",
                "title": "Паслер пообещал юридическую помощь пытавшемуся прорваться к нему мужчине",
                "date": "2026-05-02T17:04:00",
                "text_preview": "Губернатор Свердловской области Денис Паслер заявил, что поручил обеспечить мужчине, пытавшемуся прорваться к нему и арестованному в субботу за мелкое хулиганство, необходимую юридическую поддержку. Э...",
                "tags": [
                    "Происшествия",
                    "Денис Паслер"
                ],
                "sentiment": "negative",
                "confidence": 0.727,
                "place_name": "Екатеринбург",
                "place_type": "город",
                "region": "Свердловская область",
                "rang": 3,
                "url": "https://ria.ru/20260502/pasler-2090199432.html"
            }
        },
        {
            "type": "Feature",
            "geometry": {
                "type": "Point",
                "coordinates": [
                    63.199071,
                    58.155811
                ]
            },
            "properties": {
                "news_id": "2090369533",
                "title": "При пожаре на Урале погибла семья из пяти человек",
                "date": "2026-05-04T09:56:00",
                "text_preview": "Семья из пяти человек погибла при пожаре в селе Ленское Туринского района Свердловской области, по факту их гибели организована проверка, сообщает пресс-служба прокуратуры региона. Сообщение о возгора...",
                "tags": [
                    "Происшествия",
                    "МЧС России (Министерство РФ по делам гражданской обороны, чрезвычайным ситуациям и ликвидации последствий стихийных бедствий)"
                ],
                "sentiment": "neutral",
                "confidence": 0.602,
                "place_name": "Ленское",
                "place_type": "село",
                "region": "Свердловская область",
                "rang": 3,
                "url": "https://ria.ru/20260504/semja-2090369533.html"
            }
        },
        {
            "type": "Feature",
            "geometry": {
                "type": "Point",
                "coordinates": [
                    61.53333,
                    58.58333
                ]
            },
            "properties": {
                "news_id": "2090384276",
                "title": "Суд приостановил работу пищеблока в детсаду на Урале после вспышки инфекции",
                "date": "2026-05-04T10:58:00",
                "text_preview": "Сысертский районный суд Свердловской области на 30 дней приостановил работу пищеблока детсада №8 в поселке Большой Исток после вспышки кишечной инфекции у воспитанников, сообщила объединенная пресс-сл...",
                "tags": [
                    "Происшествия",
                    "Федеральная служба по надзору в сфере защиты прав потребителей и благополучия человека (Роспотребнадзор)"
                ],
                "sentiment": "negative",
                "confidence": 0.624,
                "place_name": "Свердловская область",
                "place_type": "region",
                "region": "Свердловская область",
                "rang": 1,
                "url": "https://ria.ru/20260504/sud-2090384276.html"
            }
        },
        {
            "type": "Feature",
            "geometry": {
                "type": "Point",
                "coordinates": [
                    61.53333,
                    58.58333
                ]
            },
            "properties": {
                "news_id": "2090598897",
                "title": "ПИК лидирует среди российских девелоперов по вводу жилья",
                "date": "2026-05-05T12:00:00",
                "text_preview": "МОСКВА, 5 мая - РИА Недвижимость. ПИК по результатам января-апреля 2026 года лидирует среди российских девелоперов по вводу жилья, сообщается на портале \"ЕРЗ.РФ\". Второе место, как указывается в нем, ...",
                "tags": [
                    "Жилье",
                    "Москва",
                    "ПИК",
                    "Эталон",
                    "Страна Девелопмент",
                    "Девелоперы"
                ],
                "sentiment": "neutral",
                "confidence": 0.838,
                "place_name": "Свердловская область",
                "place_type": "region",
                "region": "Свердловская область",
                "rang": 1,
                "url": "https://realty.ria.ru/20260505/pik-2090598897.html"
            }
        },
        {
            "type": "Feature",
            "geometry": {
                "type": "Point",
                "coordinates": [
                    63.912977,
                    55.982567
                ]
            },
            "properties": {
                "news_id": "2090754265",
                "title": "Жительница Свердловской области выиграла в лотерею, увидев вещий сон",
                "date": "2026-05-06T09:25:00",
                "text_preview": "Жительница Свердловской области выиграла почти 23 миллиона рублей в лотерею после того, как увидела сон о прибыли, рассказали РИА Новости в крупнейшем распространителе всероссийских гослотерей \"Столот...",
                "tags": [
                    "Столото"
                ],
                "sentiment": "neutral",
                "confidence": 0.632,
                "place_name": "Лесная",
                "place_type": "деревня",
                "region": "Курганская область",
                "rang": 3,
                "url": "https://ria.ru/20260506/stoloto-2090754265.html"
            }
        },
        {
            "type": "Feature",
            "geometry": {
                "type": "Point",
                "coordinates": [
                    60.095352,
                    57.247284
                ]
            },
            "properties": {
                "news_id": "2090789343",
                "title": "Жителя Урала отправили на принудительное лечение за связь с террористами",
                "date": "2026-05-06T11:59:00",
                "text_preview": "Свердловский областной суд отправил на принудительное лечение жителя Новоуральска, который связался с запрещенный в РФ \"Легионом \"Свобода России\"* и хотел получить политическое убежище, сообщает объед...",
                "tags": [
                    "Происшествия",
                    "Россия"
                ],
                "sentiment": "negative",
                "confidence": 0.585,
                "place_name": "Новоуральск",
                "place_type": "город",
                "region": "Свердловская область",
                "rang": 3,
                "url": "https://ria.ru/20260506/novouralsk-2090789343.html"
            }
        },
        {
            "type": "Feature",
            "geometry": {
                "type": "Point",
                "coordinates": [
                    61.53333,
                    58.58333
                ]
            },
            "properties": {
                "news_id": "2090828373",
                "title": "На Урале объявили приговоры фигурантам дела о девяти смертях от метанола",
                "date": "2026-05-06T14:21:00",
                "text_preview": "Алапаевский городской суд Свердловской области приговорил к срокам до 9 лет колонии троих фигурантов дела о гибели девяти человек от суррогатного алкоголя, троим женщинам-реализаторам дали условные ср...",
                "tags": [
                    "Происшествия"
                ],
                "sentiment": "neutral",
                "confidence": 0.617,
                "place_name": "Свердловская область",
                "place_type": "region",
                "region": "Свердловская область",
                "rang": 1,
                "url": "https://ria.ru/20260506/prigovor-2090828373.html"
            }
        },
        {
            "type": "Feature",
            "geometry": {
                "type": "Point",
                "coordinates": [
                    69.761376,
                    61.328325
                ]
            },
            "properties": {
                "news_id": "2090828373",
                "title": "На Урале объявили приговоры фигурантам дела о девяти смертях от метанола",
                "date": "2026-05-06T14:21:00",
                "text_preview": "Алапаевский городской суд Свердловской области приговорил к срокам до 9 лет колонии троих фигурантов дела о гибели девяти человек от суррогатного алкоголя, троим женщинам-реализаторам дали условные ср...",
                "tags": [
                    "Происшествия"
                ],
                "sentiment": "neutral",
                "confidence": 0.617,
                "place_name": "Ханты-Мансийский Автономный округ",
                "place_type": "region",
                "region": "Ханты-Мансийский Автономный округ",
                "rang": 1,
                "url": "https://ria.ru/20260506/prigovor-2090828373.html"
            }
        },
        {
            "type": "Feature",
            "geometry": {
                "type": "Point",
                "coordinates": [
                    60.592108,
                    56.839824
                ]
            },
            "properties": {
                "news_id": "2090855917",
                "title": "Названа причина обрушения кровли колледжа в Екатеринбурге",
                "date": "2026-05-06T15:48:00",
                "text_preview": "Обрушение нескольких плит произошло в здании Уральского колледжа технологий и предпринимательства в Екатеринбурге из-за трещины в покрытии, сообщила прокуратура Свердловской области. \"В помещении спор...",
                "tags": [
                    "Происшествия"
                ],
                "sentiment": "neutral",
                "confidence": 0.591,
                "place_name": "Екатеринбург",
                "place_type": "город",
                "region": "Свердловская область",
                "rang": 3,
                "url": "https://ria.ru/20260506/prokuratura-2090855917.html"
            }
        },
        {
            "type": "Feature",
            "geometry": {
                "type": "Point",
                "coordinates": [
                    62.434821,
                    58.230987
                ]
            },
            "properties": {
                "news_id": "2090859196",
                "title": "Бабушкина открыла выставку изделий для бойцов СВО в Свердловской области",
                "date": "2026-05-06T15:54:00",
                "text_preview": "Председатель Законодательного собрания Свердловской области Людмила Бабушкина представила вторую экспозицию изделий для бойцов специальной военной операции (СВО) в здании областного парламента, сообща...",
                "tags": [
                    "Людмила Бабушкина"
                ],
                "sentiment": "neutral",
                "confidence": 0.716,
                "place_name": "Березовский",
                "place_type": "поселок",
                "region": "Свердловская область",
                "rang": 3,
                "url": "https://ria.ru/20260506/vystavka-2090859196.html"
            }
        },
        {
            "type": "Feature",
            "geometry": {
                "type": "Point",
                "coordinates": [
                    60.592108,
                    56.839824
                ]
            },
            "properties": {
                "news_id": "2090859423",
                "title": "СК возбудил дело о халатности после обрушения крыши в Екатеринбурге",
                "date": "2026-05-06T15:57:00",
                "text_preview": "Уголовное дело о халатности возбуждено по факту обрушения крыши в спортзале колледжа в Екатеринбурге, сообщило СУСК по Свердловской области. \"В Екатеринбурге следствием СК России возбуждено уголовное ...",
                "tags": [
                    "Происшествия",
                    "Россия",
                    "Следственный комитет России (СК РФ)"
                ],
                "sentiment": "negative",
                "confidence": 0.645,
                "place_name": "Екатеринбург",
                "place_type": "город",
                "region": "Свердловская область",
                "rang": 3,
                "url": "https://ria.ru/20260506/sk-2090859423.html"
            }
        },
        {
            "type": "Feature",
            "geometry": {
                "type": "Point",
                "coordinates": [
                    60.592108,
                    56.839824
                ]
            },
            "properties": {
                "news_id": "2090864881",
                "title": "Приговор экс-редактору URA.RU Аллаярову за сутки обжаловали три раза",
                "date": "2026-05-06T16:13:00",
                "text_preview": "Прокуратура региона, вслед за осужденным экс-редактором URA.RU Денисом Аллаяровым и адвокатом, обжаловала его приговор, сообщили РИА Новости в объединенной пресс-службе судов Свердловской области. Вер...",
                "tags": [
                    "Происшествия",
                    "Ura.ru"
                ],
                "sentiment": "neutral",
                "confidence": 0.565,
                "place_name": "Екатеринбург",
                "place_type": "город",
                "region": "Свердловская область",
                "rang": 3,
                "url": "https://ria.ru/20260506/allayarov-2090864881.html"
            }
        },
        {
            "type": "Feature",
            "geometry": {
                "type": "Point",
                "coordinates": [
                    60.592108,
                    56.839824
                ]
            },
            "properties": {
                "news_id": "2090864650",
                "title": "Корпус колледжа в Екатеринбурге, где обрушилась кровля, готовили под снос",
                "date": "2026-05-06T16:13:00",
                "text_preview": "Здание спортзала колледжа в Екатеринбурге, где обрушилась кровля, предварительно, готовилось под снос, сообщил РИА Новости руководитель пресс-службы регионального главка МВД Валерий Горелых. \"Здание, ...",
                "tags": [
                    "Происшествия",
                    "Валерий Горелых"
                ],
                "sentiment": "neutral",
                "confidence": 0.557,
                "place_name": "Екатеринбург",
                "place_type": "город",
                "region": "Свердловская область",
                "rang": 3,
                "url": "https://ria.ru/20260506/mvd-2090864650.html"
            }
        },
        {
            "type": "Feature",
            "geometry": {
                "type": "Point",
                "coordinates": [
                    60.592108,
                    56.839824
                ]
            },
            "properties": {
                "news_id": "2090865459",
                "title": "Учеба в колледже в Екатеринбурге, где обрушилась кровля, продолжится штатно",
                "date": "2026-05-06T16:18:00",
                "text_preview": "Учебный процесс в Уральском колледже технологии и предпринимательства в Екатеринбурге, где в спортзале обрушилась кровля, продолжится в штатном режиме, уроки перенесут в другой зал, сообщили в департа...",
                "tags": [
                    "Происшествия"
                ],
                "sentiment": "neutral",
                "confidence": 0.803,
                "place_name": "Екатеринбург",
                "place_type": "город",
                "region": "Свердловская область",
                "rang": 3,
                "url": "https://ria.ru/20260506/ekaterinburg-2090865459.html"
            }
        },
        {
            "type": "Feature",
            "geometry": {
                "type": "Point",
                "coordinates": [
                    60.592108,
                    56.839824
                ]
            },
            "properties": {
                "news_id": "2090869145",
                "title": "Корпус колледжа в Екатеринбурге, где обрушилась кровля, был после ремонта",
                "date": "2026-05-06T16:37:00",
                "text_preview": "Здание спортзала колледжа в Екатеринбурге, где обрушилась кровля, было после ремонта, сообщил РИА Новости руководитель пресс-службы регионального главка МВД Валерий Горелых. \"Здание спортзала, где час...",
                "tags": [
                    "Происшествия",
                    "Валерий Горелых",
                    "МЧС России (Министерство РФ по делам гражданской обороны, чрезвычайным ситуациям и ликвидации последствий стихийных бедствий)"
                ],
                "sentiment": "neutral",
                "confidence": 0.638,
                "place_name": "Екатеринбург",
                "place_type": "город",
                "region": "Свердловская область",
                "rang": 3,
                "url": "https://ria.ru/20260506/ekaterinburg-2090869145.html"
            }
        },
        {
            "type": "Feature",
            "geometry": {
                "type": "Point",
                "coordinates": [
                    60.592108,
                    56.839824
                ]
            },
            "properties": {
                "news_id": "2090876292",
                "title": "В Екатеринбурге оцепили территорию колледжа, где обрушилась кровля",
                "date": "2026-05-06T17:04:00",
                "text_preview": "Территория Уральского колледжа технологий и предпринимательства, где в среду в спортзале обрушилась кровля, оцеплена, ведется разбор завалов. Здание спортзала колледжа серьезно пострадало при обрушени...",
                "tags": [
                    "Происшествия",
                    "МЧС России (Министерство РФ по делам гражданской обороны, чрезвычайным ситуациям и ликвидации последствий стихийных бедствий)"
                ],
                "sentiment": "neutral",
                "confidence": 0.611,
                "place_name": "Екатеринбург",
                "place_type": "город",
                "region": "Свердловская область",
                "rang": 3,
                "url": "https://ria.ru/20260506/ekaterinburg-2090876292.html"
            }
        },
        {
            "type": "Feature",
            "geometry": {
                "type": "Point",
                "coordinates": [
                    60.592108,
                    56.839824
                ]
            },
            "properties": {
                "news_id": "2090888839",
                "title": "В Екатеринбурге не обнаружили людей под завалами на месте обрушения кровли",
                "date": "2026-05-06T17:53:00",
                "text_preview": "Людей под завалами частично обрушившейся кровли колледжа в Екатеринбурге не обнаружено, сообщила пресс-служба регионального главка МЧС. \"Кинологическим расчетом Уральского поисково-спасательного отряд...",
                "tags": [
                    "Происшествия",
                    "Россия",
                    "МЧС России (Министерство РФ по делам гражданской обороны, чрезвычайным ситуациям и ликвидации последствий стихийных бедствий)"
                ],
                "sentiment": "neutral",
                "confidence": 0.572,
                "place_name": "Екатеринбург",
                "place_type": "город",
                "region": "Свердловская область",
                "rang": 3,
                "url": "https://ria.ru/20260506/ekaterinburg-2090888839.html"
            }
        },
        {
            "type": "Feature",
            "geometry": {
                "type": "Point",
                "coordinates": [
                    60.592108,
                    56.839824
                ]
            },
            "properties": {
                "news_id": "2090901653",
                "title": "Экспертизы по ЧП в колледже на Урале назначат после следственных действий",
                "date": "2026-05-06T18:43:00",
                "text_preview": "Экспертизы после частичного обрушения кровли колледжа в Екатеринбурге могут назначить после первоначальных следственных действий, сообщил РИА Новости старший помощник руководителя областного СК РФ Але...",
                "tags": [
                    "Происшествия",
                    "Россия",
                    "Александр Шульга",
                    "МЧС России (Министерство РФ по делам гражданской обороны, чрезвычайным ситуациям и ликвидации последствий стихийных бедствий)",
                    "Следственный комитет России (СК РФ)"
                ],
                "sentiment": "neutral",
                "confidence": 0.842,
                "place_name": "Екатеринбург",
                "place_type": "город",
                "region": "Свердловская область",
                "rang": 3,
                "url": "https://ria.ru/20260506/ekaterinburg-2090901653.html"
            }
        },
        {
            "type": "Feature",
            "geometry": {
                "type": "Point",
                "coordinates": [
                    63.035143,
                    57.109904
                ]
            },
            "properties": {
                "news_id": "2090980379",
                "title": "На Урале осудили женщину за сбыт наркотических конфет",
                "date": "2026-05-07T08:17:00",
                "text_preview": "Жительницу Талицы Свердловской области Жанну Головатую приговорили к 14,5 годам колонии за сбыт наркотических конфет в подарочных упаковках, сообщила объединенная пресс-служба судов региона. Как расск...",
                "tags": [
                    "Происшествия",
                    "Россия"
                ],
                "sentiment": "negative",
                "confidence": 0.797,
                "place_name": "Талица",
                "place_type": "деревня",
                "region": "Свердловская область",
                "rang": 3,
                "url": "https://ria.ru/20260507/zhitelnitsa-2090980379.html"
            }
        },
        {
            "type": "Feature",
            "geometry": {
                "type": "Point",
                "coordinates": [
                    66.17934,
                    55.82756
                ]
            },
            "properties": {
                "news_id": "2091100974",
                "title": "Уральского историка Новоселова арестовали за содействие терроризму",
                "date": "2026-05-07T15:50:00",
                "text_preview": "Исследователь политических репрессий на Урале Олег Новоселов арестован до 22 июня по обвинению в содействии терроризму, сообщили РИА Новости в объединенной пресс-службе судов Свердловской области. \"Но...",
                "tags": [
                    "Происшествия",
                    "Россия",
                    "Мемориал",
                    "Федеральная служба по финансовому мониторингу (Росфинмониторинг)"
                ],
                "sentiment": "negative",
                "confidence": 0.669,
                "place_name": "Урал",
                "place_type": "деревня",
                "region": "Курганская область",
                "rang": 3,
                "url": "https://ria.ru/20260507/istorik-2091100974.html"
            }
        },
        {
            "type": "Feature",
            "geometry": {
                "type": "Point",
                "coordinates": [
                    60.592108,
                    56.839824
                ]
            },
            "properties": {
                "news_id": "2091506325",
                "title": "В Екатеринбурге прошло шествие \"Бессмертного полка\"",
                "date": "2026-05-09T11:08:00",
                "text_preview": "Всероссийская акция памяти \"Бессмертный полк\" состоялась в Екатеринбурге в очном формате, участники прошли по улицам города вслед за парадными колоннами, передает корреспондент РИА Новости. Перед коло...",
                "tags": [
                    "Пушкин",
                    "Денис Паслер",
                    "Артем Жога",
                    "Алексей Орлов (Калмыкия)",
                    "День Победы — 2026"
                ],
                "sentiment": "neutral",
                "confidence": 0.818,
                "place_name": "Екатеринбург",
                "place_type": "город",
                "region": "Свердловская область",
                "rang": 3,
                "url": "https://ria.ru/20260509/ekaterinburg-2091506325.html"
            }
        },
        {
            "type": "Feature",
            "geometry": {
                "type": "Point",
                "coordinates": [
                    60.569519,
                    56.963739
                ]
            },
            "properties": {
                "news_id": "2091506325",
                "title": "В Екатеринбурге прошло шествие \"Бессмертного полка\"",
                "date": "2026-05-09T11:08:00",
                "text_preview": "Всероссийская акция памяти \"Бессмертный полк\" состоялась в Екатеринбурге в очном формате, участники прошли по улицам города вслед за парадными колоннами, передает корреспондент РИА Новости. Перед коло...",
                "tags": [
                    "Пушкин",
                    "Денис Паслер",
                    "Артем Жога",
                    "Алексей Орлов (Калмыкия)",
                    "День Победы — 2026"
                ],
                "sentiment": "neutral",
                "confidence": 0.818,
                "place_name": "Верхняя Пышма",
                "place_type": "город",
                "region": "Свердловская область",
                "rang": 3,
                "url": "https://ria.ru/20260509/ekaterinburg-2091506325.html"
            }
        },
        {
            "type": "Feature",
            "geometry": {
                "type": "Point",
                "coordinates": [
                    59.059913,
                    56.865015
                ]
            },
            "properties": {
                "news_id": "2091680511",
                "title": "В Свердловской области загорелись семь домов",
                "date": "2026-05-10T10:02:00",
                "text_preview": "Семь домов горят в поселке городского типа Бисерть Свердловской области, есть угроза распространения огня, сообщает департамент информационной политики. По данным департамента, губернатор региона Дени...",
                "tags": [
                    "Происшествия",
                    "Денис Паслер"
                ],
                "sentiment": "neutral",
                "confidence": 0.711,
                "place_name": "Бисерть",
                "place_type": "поселок",
                "region": "Свердловская область",
                "rang": 3,
                "url": "https://ria.ru/20260510/ural-2091680511.html"
            }
        },
        {
            "type": "Feature",
            "geometry": {
                "type": "Point",
                "coordinates": [
                    59.059913,
                    56.865015
                ]
            },
            "properties": {
                "news_id": "2091683082",
                "title": "Площадь пожара в Бисерти, где горят жилые дома, составляет 800 квадратов",
                "date": "2026-05-10T10:36:00",
                "text_preview": "Площадь пожара в поселке городского типа Бисерть Свердловской области, в котором горят семь жилых домов, составляет 800 \"квадратов\", сообщила пресс-служба регионального главка МЧС. В воскресенье депар...",
                "tags": [
                    "Происшествия",
                    "МЧС России (Министерство РФ по делам гражданской обороны, чрезвычайным ситуациям и ликвидации последствий стихийных бедствий)"
                ],
                "sentiment": "neutral",
                "confidence": 0.659,
                "place_name": "Бисерть",
                "place_type": "поселок",
                "region": "Свердловская область",
                "rang": 3,
                "url": "https://ria.ru/20260510/pozhar-2091683082.html"
            }
        },
        {
            "type": "Feature",
            "geometry": {
                "type": "Point",
                "coordinates": [
                    59.059913,
                    56.865015
                ]
            },
            "properties": {
                "news_id": "2091684505",
                "title": "Пожар в свердловской Бисерти локализовали",
                "date": "2026-05-10T10:53:00",
                "text_preview": "Пожар в поселке городского типа Бисерть Свердловской области, где горят семь частных домов, локализован, сообщила пресс-служба регионального главка МЧС. В воскресенье департамент информполитики сообщи...",
                "tags": [
                    "Происшествия",
                    "МЧС России (Министерство РФ по делам гражданской обороны, чрезвычайным ситуациям и ликвидации последствий стихийных бедствий)"
                ],
                "sentiment": "neutral",
                "confidence": 0.846,
                "place_name": "Бисерть",
                "place_type": "поселок",
                "region": "Свердловская область",
                "rang": 3,
                "url": "https://ria.ru/20260510/pozhar-2091684505.html"
            }
        },
        {
            "type": "Feature",
            "geometry": {
                "type": "Point",
                "coordinates": [
                    59.059913,
                    56.865015
                ]
            },
            "properties": {
                "news_id": "2091694043",
                "title": "В Свердловской области потушили пожар в поселке Бисерть",
                "date": "2026-05-10T12:24:00",
                "text_preview": "Открытое горение в поселке городского типа Бисерть Свердловской области, где вспыхнули семь частных домов, ликвидировано, сообщили РИА Новости в пресс-службе регионального главка МЧС. \"Открытое горени...",
                "tags": [
                    "Происшествия",
                    "МЧС России (Министерство РФ по делам гражданской обороны, чрезвычайным ситуациям и ликвидации последствий стихийных бедствий)"
                ],
                "sentiment": "neutral",
                "confidence": 0.675,
                "place_name": "Бисерть",
                "place_type": "поселок",
                "region": "Свердловская область",
                "rang": 3,
                "url": "https://ria.ru/20260510/ural-2091694043.html"
            }
        },
        {
            "type": "Feature",
            "geometry": {
                "type": "Point",
                "coordinates": [
                    60.087253,
                    56.705652
                ]
            },
            "properties": {
                "news_id": "2091717111",
                "title": "Пожар в складских зданиях в Свердловской области локализовали",
                "date": "2026-05-10T15:17:00",
                "text_preview": "Пожар в складских зданиях в Дегтярске в Свердловской области локализован на 4 тысячах \"квадратов\", сообщила пресс-служба ГУ МЧС по региону. \"Пожар локализован на площади 4 тысяч квадратных метров\", - ...",
                "tags": [
                    "Происшествия",
                    "МЧС России (Министерство РФ по делам гражданской обороны, чрезвычайным ситуациям и ликвидации последствий стихийных бедствий)"
                ],
                "sentiment": "neutral",
                "confidence": 0.706,
                "place_name": "Дегтярск",
                "place_type": "город",
                "region": "Свердловская область",
                "rang": 3,
                "url": "https://ria.ru/20260510/pozhar-2091717111.html"
            }
        },
        {
            "type": "Feature",
            "geometry": {
                "type": "Point",
                "coordinates": [
                    61.53333,
                    58.58333
                ]
            },
            "properties": {
                "news_id": "2091717210",
                "title": "В Свердловской области произошел пожар на деревообрабатывающем предприятии",
                "date": "2026-05-10T15:18:00",
                "text_preview": "Пожар на площади 3850 квадратных метров тушат на территории деревообрабатывающего предприятия в Свердловской области, сообщает МЧС региона. \"Пожар произошел по адресу: МО Дегтярск, Объездная дорога, 6...",
                "tags": [
                    "Происшествия",
                    "МЧС России (Министерство РФ по делам гражданской обороны, чрезвычайным ситуациям и ликвидации последствий стихийных бедствий)"
                ],
                "sentiment": "neutral",
                "confidence": 0.577,
                "place_name": "Свердловская область",
                "place_type": "region",
                "region": "Свердловская область",
                "rang": 1,
                "url": "https://ria.ru/20260510/chp-2091717210.html"
            }
        },
        {
            "type": "Feature",
            "geometry": {
                "type": "Point",
                "coordinates": [
                    60.087253,
                    56.705652
                ]
            },
            "properties": {
                "news_id": "2091723941",
                "title": "Появились новые подробности о пожаре на предприятии в Дегтярске",
                "date": "2026-05-10T16:26:00",
                "text_preview": "Пострадавших при пожаре в зданиях на территории деревообрабатывающего предприятия в Дегтярске в Свердловской области нет, сообщили РИА Новости в пресс-службе регионального главка МЧС. \"Нет, без постра...",
                "tags": [
                    "Происшествия",
                    "МЧС России (Министерство РФ по делам гражданской обороны, чрезвычайным ситуациям и ликвидации последствий стихийных бедствий)"
                ],
                "sentiment": "negative",
                "confidence": 0.555,
                "place_name": "Дегтярск",
                "place_type": "город",
                "region": "Свердловская область",
                "rang": 3,
                "url": "https://ria.ru/20260510/chp-2091723941.html"
            }
        },
        {
            "type": "Feature",
            "geometry": {
                "type": "Point",
                "coordinates": [
                    59.981553,
                    57.911244
                ]
            },
            "properties": {
                "news_id": "2091725061",
                "title": "Под Нижним Тагилом в массовом ДТП погиб человек",
                "date": "2026-05-10T16:42:00",
                "text_preview": "Один человек погиб, шестеро пострадали в массовом ДТП под Нижним Тагилом в Свердловской области, сообщила пресс-служба региональной Госавтоинспекции. По данным ведомства, авария произошла в воскресень...",
                "tags": [
                    "Происшествия"
                ],
                "sentiment": "negative",
                "confidence": 0.53,
                "place_name": "Нижний Тагил",
                "place_type": "город",
                "region": "Свердловская область",
                "rang": 3,
                "url": "https://ria.ru/20260510/dtp-2091725061.html"
            }
        },
        {
            "type": "Feature",
            "geometry": {
                "type": "Point",
                "coordinates": [
                    60.592108,
                    56.839824
                ]
            },
            "properties": {
                "news_id": "2091725061",
                "title": "Под Нижним Тагилом в массовом ДТП погиб человек",
                "date": "2026-05-10T16:42:00",
                "text_preview": "Один человек погиб, шестеро пострадали в массовом ДТП под Нижним Тагилом в Свердловской области, сообщила пресс-служба региональной Госавтоинспекции. По данным ведомства, авария произошла в воскресень...",
                "tags": [
                    "Происшествия"
                ],
                "sentiment": "negative",
                "confidence": 0.53,
                "place_name": "Екатеринбург",
                "place_type": "город",
                "region": "Свердловская область",
                "rang": 3,
                "url": "https://ria.ru/20260510/dtp-2091725061.html"
            }
        },
        {
            "type": "Feature",
            "geometry": {
                "type": "Point",
                "coordinates": [
                    60.575313,
                    59.604785
                ]
            },
            "properties": {
                "news_id": "2091725061",
                "title": "Под Нижним Тагилом в массовом ДТП погиб человек",
                "date": "2026-05-10T16:42:00",
                "text_preview": "Один человек погиб, шестеро пострадали в массовом ДТП под Нижним Тагилом в Свердловской области, сообщила пресс-служба региональной Госавтоинспекции. По данным ведомства, авария произошла в воскресень...",
                "tags": [
                    "Происшествия"
                ],
                "sentiment": "negative",
                "confidence": 0.53,
                "place_name": "Серов",
                "place_type": "город",
                "region": "Свердловская область",
                "rang": 3,
                "url": "https://ria.ru/20260510/dtp-2091725061.html"
            }
        },
        {
            "type": "Feature",
            "geometry": {
                "type": "Point",
                "coordinates": [
                    61.53333,
                    58.58333
                ]
            },
            "properties": {
                "news_id": "2091730945",
                "title": "В Свердловской области ликвидировали открытое горение на предприятии",
                "date": "2026-05-10T17:30:00",
                "text_preview": "Открытое горение ликвидировано на месте пожара на предприятии в Свердловской области, проводится проливка и разбор конструкций, сообщили в пресс-службе МЧС России. Ранее МЧС по Свердловской области со...",
                "tags": [
                    "Происшествия",
                    "МЧС России (Министерство РФ по делам гражданской обороны, чрезвычайным ситуациям и ликвидации последствий стихийных бедствий)",
                    "Россия"
                ],
                "sentiment": "neutral",
                "confidence": 0.812,
                "place_name": "Свердловская область",
                "place_type": "region",
                "region": "Свердловская область",
                "rang": 1,
                "url": "https://ria.ru/20260510/chp-2091730945.html"
            }
        },
        {
            "type": "Feature",
            "geometry": {
                "type": "Point",
                "coordinates": [
                    60.592108,
                    56.839824
                ]
            },
            "properties": {
                "news_id": "2091987938",
                "title": "На Урале ищут жертву мошенницы, чтобы отдать похищенные миллионы",
                "date": "2026-05-12T15:10:00",
                "text_preview": "Полиция ищет жертву мошенницы, чтобы отдать ее похищенные деньги, сообщил журналистам руководитель пресс-службы ГУМВД по Свердловской области Валерий Горелых. \"На этот раз в сети оперуполномоченных уг...",
                "tags": [
                    "Происшествия",
                    "Ядринский район",
                    "Казань",
                    "Валерий Горелых"
                ],
                "sentiment": "negative",
                "confidence": 0.874,
                "place_name": "Екатеринбург",
                "place_type": "город",
                "region": "Свердловская область",
                "rang": 3,
                "url": "https://ria.ru/20260512/ural-2091987938.html"
            }
        },
        {
            "type": "Feature",
            "geometry": {
                "type": "Point",
                "coordinates": [
                    60.592108,
                    56.839824
                ]
            },
            "properties": {
                "news_id": "2092233228",
                "title": "Суд продлил домашний арест бывшему вице-губернатору Свердловской области",
                "date": "2026-05-13T14:22:00",
                "text_preview": "Верх-Исетский районный суд Екатеринбурга продлил домашний арест бывшему вице-губернатору Свердловской области Олегу Чемезову, обвиняемому в мошенничестве в особо крупном размере, передает корреспонден...",
                "tags": [
                    "Происшествия"
                ],
                "sentiment": "negative",
                "confidence": 0.672,
                "place_name": "Екатеринбург",
                "place_type": "город",
                "region": "Свердловская область",
                "rang": 3,
                "url": "https://ria.ru/20260513/sud-2092233228.html"
            }
        }
    ]
}